Date,Time,HomeTeam,AwayTeam,FTHG,FTAG,FTR,HTHG,HTAG,HTR,HS,AS,HST,AST,HC,AC,HF,AF,HY,AY,HR,AR,B365H,B365D,B365A,B365>2.5,B365<2.5,B365AHH,B365AHA,PSH,PSD,PSA,MaxH,MaxD,MaxA,AvgH,AvgD,AvgA
15/08/2025,20:00,Liverpool,Bournemouth,4,2,H,1,0,H,19,10,10,3,6,7,7,10,1,2,0,0,1.3,6,8.5,1.36,3.2,1.83,2.03,1.28,6.56,9.07,1.34,6.5,9.5,1.31,5.96,8.31
16/08/2025,12:30,Aston Villa,Newcastle,0,0,D,0,0,D,3,16,3,3,3,6,13,11,1,1,1,0,2.25,3.5,2.9,1.62,2.3,2,1.85,2.24,3.72,3.13,2.38,3.75,3.1,2.3,3.56,2.94
16/08/2025,15:00,Brighton,Fulham,1,1,D,0,0,D,10,7,4,2,4,3,16,15,3,3,0,0,1.91,3.6,4,1.73,2.1,1.93,1.93,1.94,3.73,3.98,1.95,3.75,4,1.92,3.62,3.91
16/08/2025,15:00,Sunderland,West Ham,3,0,H,0,0,D,10,12,5,4,5,7,8,10,0,1,0,0,3.25,3.4,2.25,1.93,1.93,1.9,1.95,3.27,3.43,2.29,3.25,3.5,2.3,3.17,3.38,2.26
16/08/2025,15:00,Tottenham,Burnley,3,0,H,1,0,H,16,14,6,4,6,5,14,8,0,0,0,0,1.38,4.75,8.5,1.73,2.1,1.88,1.98,1.4,4.71,8.79,1.4,5,9.5,1.37,4.8,8.3
16/08/2025,17:30,Wolves,Man City,0,4,A,0,2,A,9,15,3,4,4,6,13,7,1,2,0,0,6.25,4.75,1.45,1.62,2.3,1.85,2,6.72,4.92,1.46,7.5,5,1.48,6.73,4.73,1.44
17/08/2025,14:00,Chelsea,Crystal Palace,0,0,D,0,0,D,19,12,3,4,11,2,10,12,2,3,0,0,1.62,4.33,4.5,1.67,2.2,1.8,2.05,1.66,4.12,5.25,1.64,4.35,5.5,1.61,4.21,5.08
17/08/2025,14:00,Nott'm Forest,Brentford,3,1,H,3,0,H,11,10,5,3,5,5,7,15,1,2,0,0,2.2,3.3,3.5,2,1.85,1.88,1.98,2.25,3.38,3.4,2.2,3.5,3.55,2.15,3.36,3.43
17/08/2025,16:30,Man United,Arsenal,0,1,A,0,1,A,22,9,7,3,3,4,10,19,1,4,0,0,3.6,3.6,1.95,1.83,2.03,1.85,2,3.74,3.72,2.01,3.75,3.66,2.1,3.57,3.56,2.01
18/08/2025,20:00,Leeds,Everton,1,0,H,0,0,D,21,7,3,1,7,2,6,8,0,2,0,0,2.38,3.3,3,2.1,1.73,2.05,1.8,2.37,3.52,3.06,2.5,3.5,3.05,2.39,3.29,2.96
22/08/2025,20:00,West Ham,Chelsea,1,5,A,1,3,A,12,12,4,7,7,5,7,10,0,1,0,0,4.75,3.8,1.73,1.73,2.1,1.93,1.93,4.94,3.95,1.74,5,4,1.76,4.68,3.88,1.71
23/08/2025,12:30,Man City,Tottenham,0,2,A,0,2,A,10,12,4,5,7,2,7,12,1,4,0,0,1.48,4.5,6.25,1.44,2.75,1.97,1.77,1.49,5,6.01,1.5,5,6.5,1.48,4.7,6.08
23/08/2025,15:00,Bournemouth,Wolves,1,0,H,1,0,H,14,6,4,1,8,3,13,16,2,4,0,1,1.8,3.8,4.2,1.73,2.1,2.03,1.83,1.79,3.98,4.4,1.82,4,4.5,1.79,3.88,4.24
23/08/2025,15:00,Brentford,Aston Villa,1,0,H,1,0,H,9,17,2,2,2,9,11,9,1,2,0,0,3.1,3.6,2.2,1.8,2,1.9,1.95,3.26,3.49,2.27,3.2,3.66,2.3,3.11,3.53,2.21
23/08/2025,15:00,Burnley,Sunderland,2,0,H,0,0,D,7,9,2,1,4,3,9,5,0,1,0,0,2.2,3.2,3.5,2.3,1.62,1.9,1.95,2.21,3.26,3.63,2.3,3.25,3.6,2.25,3.16,3.42
23/08/2025,17:30,Arsenal,Leeds,5,0,H,2,0,H,18,3,5,1,2,2,8,11,0,2,0,0,1.27,6.25,9.5,1.53,2.5,2,1.85,1.28,6.21,9.68,1.29,6.25,12,1.27,5.93,10.61
24/08/2025,14:00,Crystal Palace,Nott'm Forest,1,1,D,1,0,H,8,9,4,1,1,3,11,11,3,3,0,0,2.35,3.3,3.1,2.1,1.73,2.03,1.83,2.41,3.25,3.22,2.4,3.3,3.2,2.35,3.26,3.07
24/08/2025,14:00,Everton,Brighton,2,0,H,1,0,H,11,13,3,4,2,2,7,15,4,3,0,0,3.1,3.3,2.3,2,1.8,1.85,2,3.16,3.36,2.38,3.25,3.4,2.4,3.08,3.3,2.32
24/08/2025,16:30,Fulham,Man United,1,1,D,0,0,D,13,10,4,3,9,6,12,10,1,1,0,0,3.25,3.5,2.15,1.8,2,1.98,1.88,3.3,3.54,2.23,3.35,3.65,2.2,3.27,3.53,2.13
25/08/2025,20:00,Newcastle,Liverpool,2,3,A,0,1,A,10,5,3,4,7,1,17,15,2,3,1,0,3.25,3.8,2.05,1.57,2.38,2.03,1.83,3.29,3.92,2.11,3.45,4,2.1,3.3,3.83,2.02
30/08/2025,12:30,Chelsea,Fulham,2,0,H,1,0,H,13,11,6,3,6,4,11,17,2,2,0,0,1.55,4.33,5.25,1.67,2.2,1.95,1.9,1.57,4.37,5.75,1.57,4.5,6,1.55,4.35,5.6
30/08/2025,15:00,Man United,Burnley,3,2,H,1,0,H,26,6,6,3,7,1,9,9,1,5,0,0,1.33,5.25,8,1.67,2.2,2.03,1.83,1.36,5.39,8.45,1.4,5.5,9,1.35,5.15,8.28
30/08/2025,15:00,Sunderland,Brentford,2,1,H,0,0,D,12,7,3,4,3,4,11,12,3,2,0,0,3,3.3,2.4,2.1,1.73,2.08,1.73,3.03,3.24,2.53,3,3.35,2.54,2.92,3.27,2.46
30/08/2025,15:00,Tottenham,Bournemouth,0,1,A,0,1,A,5,20,1,6,0,8,17,13,2,4,0,0,1.73,4.2,4.2,1.57,2.38,1.95,1.9,1.76,4.14,4.39,1.76,4.25,4.5,1.73,4.06,4.29
30/08/2025,15:00,Wolves,Everton,2,3,A,1,2,A,12,10,4,4,2,2,15,10,0,1,0,0,2.7,3.2,2.75,2.2,1.67,1.93,1.93,2.74,3.23,2.79,2.75,3.3,2.8,2.66,3.19,2.74
30/08/2025,17:30,Leeds,Newcastle,0,0,D,0,0,D,10,8,1,2,5,5,10,15,1,1,0,0,3.5,3.4,2.1,1.8,2,2.03,1.83,3.47,3.54,2.16,3.5,3.6,2.2,3.37,3.49,2.12
31/08/2025,14:00,Brighton,Man City,2,1,H,0,1,A,12,12,7,3,3,2,16,14,2,2,0,0,3.8,3.9,1.9,1.62,2.3,1.98,1.88,3.92,3.89,1.91,4,4,1.91,3.78,3.84,1.85
31/08/2025,14:00,Nott'm Forest,West Ham,0,3,A,0,0,D,11,12,3,8,9,7,14,6,0,0,0,0,1.67,3.75,5.25,1.98,1.88,1.88,1.98,1.69,3.98,5.13,1.73,3.85,5.5,1.69,3.74,5.03
31/08/2025,16:30,Liverpool,Arsenal,1,0,H,0,0,D,9,11,3,1,3,8,7,10,2,2,0,0,2.2,3.5,3.2,1.73,2.1,1.9,1.95,2.27,3.47,3.28,2.25,3.6,3.25,2.2,3.49,3.17
31/08/2025,19:00,Aston Villa,Crystal Palace,0,3,A,0,1,A,13,6,4,4,10,1,7,14,2,3,0,0,1.85,3.7,4,1.98,1.88,1.88,1.98,1.9,3.69,4.21,1.95,3.75,4.2,1.88,3.56,4.07
13/09/2025,12:30,Arsenal,Nott'm Forest,3,0,H,1,0,H,16,5,5,1,8,4,8,11,1,1,0,0,1.38,5,8,1.73,2.1,1.83,2.03,1.38,5.25,8.14,1.42,5,9,1.38,4.85,8.16
13/09/2025,15:00,Bournemouth,Brighton,2,1,H,1,0,H,13,6,5,2,4,4,16,10,4,4,0,0,2.35,3.5,2.9,1.67,2.2,2.05,1.8,2.4,3.57,2.98,2.43,3.65,3,2.38,3.5,2.87
13/09/2025,15:00,Crystal Palace,Sunderland,0,0,D,0,0,D,14,6,6,0,5,3,10,8,1,1,0,0,1.65,3.75,5.75,2.1,1.73,1.83,2.03,1.69,3.77,5.51,1.71,4.1,6,1.66,3.76,5.42
13/09/2025,15:00,Everton,Aston Villa,0,0,D,0,0,D,20,7,2,1,10,3,17,15,3,3,0,0,2.45,3.3,2.9,2.05,1.8,2.1,1.78,2.46,3.41,3.01,2.5,3.4,3.05,2.44,3.27,2.95
13/09/2025,15:00,Fulham,Leeds,1,0,H,0,0,D,5,10,3,3,3,3,20,15,1,2,0,0,1.91,3.5,4,2.03,1.83,1.95,1.9,1.99,3.56,3.99,2,3.65,4.1,1.96,3.51,3.89
13/09/2025,15:00,Newcastle,Wolves,1,0,H,1,0,H,16,8,4,3,10,4,10,17,1,4,0,0,1.42,4.75,7,1.8,2,1.98,1.88,1.43,4.93,7.21,1.44,4.8,8.5,1.43,4.62,7.45
13/09/2025,17:30,West Ham,Tottenham,0,3,A,0,0,D,7,14,4,5,2,13,8,7,0,1,1,0,3.4,3.6,2.1,1.8,2,2.03,1.83,3.55,3.62,2.1,3.5,3.75,2.12,3.36,3.56,2.1
13/09/2025,20:00,Brentford,Chelsea,2,2,D,1,0,H,7,16,4,6,5,6,13,9,3,2,0,0,4.5,3.9,1.73,1.73,2.1,1.9,1.95,4.63,3.95,1.76,4.8,4.1,1.75,4.54,3.92,1.73
14/09/2025,14:00,Burnley,Liverpool,0,1,A,0,0,D,3,27,0,4,1,13,9,9,0,2,0,0,8,5.5,1.33,1.53,2.5,1.9,1.95,9,5.44,1.34,9.5,5.6,1.35,8.6,5.43,1.33
14/09/2025,16:30,Man City,Man United,3,0,H,1,0,H,13,12,6,2,2,4,8,8,0,0,0,0,1.75,4,4.2,1.57,2.38,2,1.85,1.8,4,4.33,1.8,4.3,4.5,1.76,3.99,4.19
20/09/2025,12:30,Liverpool,Everton,2,1,H,2,0,H,11,9,3,2,5,4,11,10,2,3,0,0,1.45,4.75,6.5,1.62,2.3,1.98,1.88,1.45,4.7,7.25,1.48,4.8,7.5,1.45,4.65,6.7
20/09/2025,15:00,Brighton,Tottenham,2,2,D,2,1,H,12,11,4,3,2,10,10,13,1,2,0,0,2.25,3.7,3,1.67,2.2,1.98,1.88,2.28,3.67,3.1,2.28,3.75,3.1,2.25,3.61,3
20/09/2025,15:00,Burnley,Nott'm Forest,1,1,D,1,1,D,12,17,5,8,4,5,12,11,1,1,0,0,3.4,3.3,2.2,2,1.85,1.98,1.88,3.43,3.47,2.2,3.5,3.5,2.2,3.36,3.37,2.18
20/09/2025,15:00,West Ham,Crystal Palace,1,2,A,0,1,A,8,18,3,3,8,8,15,5,3,3,0,0,2.88,3.5,2.38,2.05,1.8,1.8,2.05,3.09,3.39,2.41,3.1,3.5,2.4,2.98,3.36,2.37
20/09/2025,15:00,Wolves,Leeds,1,3,A,1,3,A,16,6,6,4,4,0,11,9,1,1,0,0,2.7,3.2,2.75,2.3,1.62,1.93,1.93,2.78,3.21,2.76,2.71,3.25,2.8,2.67,3.16,2.74
20/09/2025,17:30,Man United,Chelsea,2,1,H,2,0,H,11,5,4,1,5,5,13,14,0,5,1,1,2.6,3.8,2.45,1.57,2.38,2,1.85,2.71,3.74,2.52,2.8,3.8,2.5,2.68,3.69,2.44
20/09/2025,20:00,Fulham,Brentford,3,1,H,2,1,H,14,8,3,3,2,10,11,13,4,1,0,0,2,3.4,3.8,2,1.85,2.03,1.83,2.05,3.44,3.92,2.05,3.6,4,2.02,3.48,3.69
21/09/2025,14:00,Bournemouth,Newcastle,0,0,D,0,0,D,11,4,2,1,5,2,7,10,2,1,0,0,2.5,3.5,2.7,1.83,2.03,1.8,2.05,2.47,3.57,2.87,2.54,3.6,2.88,2.44,3.45,2.78
21/09/2025,14:00,Sunderland,Aston Villa,1,1,D,0,0,D,14,12,4,2,6,5,14,8,2,1,1,0,3.4,3.5,2.1,2.2,1.67,2.03,1.83,3.71,3.37,2.14,3.75,3.5,2.12,3.56,3.34,2.1
21/09/2025,16:30,Arsenal,Man City,1,1,D,0,1,A,12,5,3,3,11,2,11,10,1,2,0,0,1.85,3.9,3.8,1.8,2,1.88,1.98,1.92,3.8,3.99,1.95,3.9,4,1.9,3.7,3.85
27/09/2025,12:30,Brentford,Man United,3,1,H,2,1,H,10,14,8,6,4,2,14,10,2,2,0,0,3.4,3.8,2,1.67,2.2,1.85,2,3.47,3.79,2.07,3.5,4,2.1,3.4,3.77,2.02
27/09/2025,15:00,Chelsea,Brighton,1,3,A,1,0,H,13,12,3,3,5,7,9,16,3,5,1,0,1.85,3.8,3.8,1.62,2.3,1.88,1.98,1.9,3.86,3.98,1.91,4,4.1,1.86,3.86,3.86
27/09/2025,15:00,Crystal Palace,Liverpool,2,1,H,1,0,H,16,20,7,4,2,6,10,8,1,3,0,0,3.8,3.8,1.9,1.73,2.1,1.93,1.93,3.93,3.73,1.95,4,3.8,1.95,3.82,3.72,1.91
27/09/2025,15:00,Leeds,Bournemouth,2,2,D,1,1,D,19,12,8,5,7,4,12,13,2,2,0,0,3.1,3.25,2.38,2.03,1.83,1.8,2.05,2.99,3.32,2.51,3.1,3.4,2.5,2.98,3.29,2.41
27/09/2025,15:00,Man City,Burnley,5,1,H,1,1,D,21,9,8,2,10,2,5,7,1,3,0,0,1.17,7.5,15,1.44,2.75,1.83,2.03,1.17,8.36,14.45,1.19,8,17,1.17,7.48,15.54
27/09/2025,17:30,Nott'm Forest,Sunderland,0,1,A,0,1,A,22,11,6,3,7,4,11,6,4,2,0,0,1.75,3.75,4.5,2,1.85,2,1.85,1.78,3.82,4.76,1.8,3.75,5,1.77,3.67,4.64
27/09/2025,20:00,Tottenham,Wolves,1,1,D,0,0,D,10,9,3,3,10,9,9,11,3,2,0,0,1.5,4.5,6,1.73,2.1,2.05,1.75,1.49,4.96,6.08,1.5,4.9,7,1.47,4.57,6.38
28/09/2025,14:00,Aston Villa,Fulham,3,1,H,1,1,D,9,11,4,4,2,8,10,13,1,4,0,0,2.3,3.1,3.4,2.1,1.73,1.95,1.9,2.3,3.15,3.55,2.35,3.3,3.4,2.29,3.19,3.3
28/09/2025,16:30,Newcastle,Arsenal,1,2,A,1,0,H,8,20,3,7,7,12,8,9,2,1,0,0,3.6,3.4,2.1,2.1,1.73,2.03,1.83,3.64,3.4,2.15,3.66,3.4,2.2,3.51,3.32,2.12
29/09/2025,20:00,Everton,West Ham,1,1,D,1,0,H,12,14,6,3,3,5,7,16,3,4,0,0,1.7,3.75,5,1.93,1.93,1.9,1.95,1.74,3.88,4.9,1.76,3.75,5,1.72,3.69,4.83
03/10/2025,20:00,Bournemouth,Fulham,3,1,H,0,0,D,11,12,6,4,4,3,8,10,0,1,0,0,1.95,3.5,3.9,2,1.85,2,1.85,1.99,3.6,3.93,2,3.6,4,1.97,3.5,3.85
04/10/2025,12:30,Leeds,Tottenham,1,2,A,1,1,D,16,9,4,3,4,1,10,12,2,3,0,0,2.7,3.5,2.5,1.95,1.9,2.03,1.83,2.78,3.56,2.55,2.88,3.55,2.55,2.75,3.46,2.49
04/10/2025,15:00,Arsenal,West Ham,2,0,H,1,0,H,21,4,5,0,8,3,14,14,0,2,0,0,1.18,6.5,17,1.53,2.5,1.98,1.88,1.21,6.93,13.68,1.2,7.5,17,1.19,6.83,15.25
04/10/2025,15:00,Man United,Sunderland,2,0,H,2,0,H,15,8,6,3,2,3,10,12,1,4,0,0,1.5,4.75,5.75,1.62,2.3,1.8,2.05,1.51,4.7,6.18,1.53,4.75,6.5,1.5,4.55,5.98
04/10/2025,17:30,Chelsea,Liverpool,2,1,H,1,0,H,12,12,6,2,7,2,9,8,0,2,0,0,2.8,3.75,2.3,1.53,2.5,1.8,2.05,2.92,3.89,2.3,2.95,3.8,2.38,2.87,3.7,2.28
05/10/2025,14:00,Aston Villa,Burnley,2,1,H,1,0,H,15,5,7,2,6,4,9,15,3,1,0,0,1.6,4,5.75,1.98,1.88,2.05,1.8,1.6,3.99,6.21,1.62,4.2,6,1.59,4,5.76
05/10/2025,14:00,Everton,Crystal Palace,2,1,H,0,1,A,14,15,7,8,2,4,13,16,2,3,0,0,2.45,3.25,3,2.2,1.67,1.7,2.1,2.59,3.26,2.95,2.65,3.25,3,2.53,3.21,2.89
05/10/2025,14:00,Newcastle,Nott'm Forest,2,0,H,0,0,D,18,5,9,4,8,1,16,15,0,4,0,0,1.57,4.2,5.5,1.73,2.1,2,1.85,1.63,4.3,5.27,1.61,4.4,5.75,1.58,4.21,5.46
05/10/2025,14:00,Wolves,Brighton,1,1,D,1,0,H,6,17,3,6,2,8,13,9,2,4,0,0,3.6,3.7,2,1.85,2,1.85,2,3.82,3.68,1.99,3.85,3.7,2,3.67,3.6,1.99
05/10/2025,16:30,Brentford,Man City,0,1,A,0,1,A,6,10,1,4,3,2,10,6,3,2,0,0,4.75,4.5,1.62,1.57,2.38,2.05,1.8,4.87,4.5,1.64,5,4.5,1.67,4.73,4.27,1.64
18/10/2025,12:30,Nott'm Forest,Chelsea,0,3,A,0,0,D,12,17,2,6,5,2,13,16,2,2,0,1,3.7,3.8,1.95,1.73,2.1,1.9,1.95,3.77,3.88,1.95,3.85,3.85,1.95,3.75,3.74,1.93
18/10/2025,15:00,Brighton,Newcastle,2,1,H,1,0,H,13,16,5,3,8,4,9,9,0,1,0,0,2.63,3.4,2.6,1.88,1.98,1.98,1.88,2.71,3.52,2.64,2.75,3.66,2.65,2.61,3.48,2.62
18/10/2025,15:00,Burnley,Leeds,2,0,H,1,0,H,4,19,3,4,1,5,10,7,2,1,0,0,3.25,3.25,2.25,2.2,1.67,1.93,1.93,3.43,3.29,2.28,3.45,3.33,2.3,3.3,3.25,2.26
18/10/2025,15:00,Crystal Palace,Bournemouth,3,3,D,0,2,A,20,8,7,5,6,5,8,16,1,4,0,0,2.2,3.4,3.25,1.95,1.9,1.95,1.9,2.23,3.4,3.43,2.3,3.4,3.35,2.25,3.35,3.22
18/10/2025,15:00,Man City,Everton,2,0,H,0,0,D,19,5,7,1,11,3,8,14,0,2,0,0,1.4,5,7,1.73,2.1,1.88,1.98,1.39,5.29,7.71,1.41,5.25,9,1.38,4.92,7.91
18/10/2025,15:00,Sunderland,Wolves,2,0,H,1,0,H,8,16,2,3,3,2,5,12,0,0,0,0,2.5,3,3.1,2.5,1.53,2.1,1.78,2.5,3.07,3.25,2.5,3.15,3.25,2.46,3.07,3.13
18/10/2025,17:30,Fulham,Arsenal,0,1,A,0,0,D,9,16,0,5,6,10,11,4,0,0,0,0,5.75,4.1,1.55,1.98,1.88,1.88,1.98,5.98,4.46,1.55,6.5,4.4,1.57,6.14,4.13,1.54
19/10/2025,14:00,Tottenham,Aston Villa,1,2,A,1,1,D,9,8,3,2,6,6,11,7,2,0,0,0,2.05,3.5,3.5,1.83,2.03,2.03,1.83,2.07,3.77,3.5,2.15,3.7,3.5,2.06,3.56,3.42
19/10/2025,16:30,Liverpool,Man United,1,2,A,0,1,A,19,12,6,4,9,4,8,14,0,2,0,0,1.6,4.5,5,1.44,2.75,2,1.85,1.63,4.27,5.32,1.62,4.7,5.1,1.6,4.4,4.89
20/10/2025,20:00,West Ham,Brentford,0,2,A,0,1,A,7,22,1,7,6,10,10,10,1,1,0,0,2.5,3.25,2.88,1.9,1.95,1.8,2.05,2.54,3.43,2.87,2.5,3.55,2.95,2.46,3.37,2.82
24/10/2025,20:00,Leeds,West Ham,2,1,H,2,0,H,13,9,5,3,3,4,12,11,3,3,0,0,1.8,3.5,4.75,2.1,1.73,1.78,2.03,1.82,3.72,4.72,1.83,3.65,5,1.81,3.57,4.59
25/10/2025,15:00,Chelsea,Sunderland,1,2,A,1,1,D,16,10,7,4,9,1,15,13,1,1,0,0,1.36,4.75,9,1.73,2.1,2.05,1.8,1.38,5.22,8,1.42,5.25,9.5,1.37,4.99,8.31
25/10/2025,15:00,Newcastle,Fulham,2,1,H,1,0,H,18,12,7,5,4,3,11,18,0,2,0,0,1.62,3.9,5.5,1.93,1.93,1.8,2.05,1.65,3.97,5.59,1.64,4.1,6,1.62,3.97,5.44
25/10/2025,17:30,Man United,Brighton,4,2,H,2,0,H,13,17,9,5,1,6,4,13,2,2,0,0,1.95,3.8,3.5,1.53,2.5,1.98,1.88,2,3.92,3.57,2.05,4,3.6,2,3.83,3.45
25/10/2025,20:00,Brentford,Liverpool,3,2,H,2,1,H,17,18,8,5,5,4,7,10,3,2,0,0,4.1,4.2,1.75,1.53,2.5,1.88,1.98,4.25,4.18,1.78,4.5,4.2,1.78,4.28,4.13,1.73
26/10/2025,14:00,Arsenal,Crystal Palace,1,0,H,1,0,H,10,7,3,1,4,3,6,11,0,0,0,0,1.4,4.75,7.5,1.73,2.1,1.95,1.9,1.44,4.71,7.49,1.44,4.75,8.7,1.41,4.6,7.76
26/10/2025,14:00,Aston Villa,Man City,1,0,H,1,0,H,9,18,3,4,5,6,8,16,1,4,0,0,4.33,3.8,1.8,1.73,2.1,2.03,1.78,4.24,4.06,1.81,4.33,4,1.89,4.08,3.8,1.83
26/10/2025,14:00,Bournemouth,Nott'm Forest,2,0,H,2,0,H,13,8,5,4,6,4,17,7,3,1,0,0,1.8,3.8,4.33,1.88,1.98,2.03,1.83,1.79,3.96,4.48,1.81,3.95,4.6,1.79,3.79,4.29
26/10/2025,14:00,Wolves,Burnley,2,3,A,2,2,D,15,11,7,7,5,3,12,7,1,0,0,0,1.95,3.3,4.2,2.3,1.62,1.95,1.9,2,3.39,4.18,2,3.4,4.25,1.97,3.3,4.06
26/10/2025,16:30,Everton,Tottenham,0,3,A,0,2,A,12,7,2,4,9,8,9,8,2,0,0,0,2.35,3.4,3,1.98,1.88,2.03,1.83,2.42,3.33,3.13,2.4,3.4,3.15,2.35,3.38,2.99
01/11/2025,15:00,Brighton,Leeds,3,0,H,1,0,H,14,5,7,2,4,7,10,7,0,1,0,0,1.85,3.75,4,1.85,2,1.88,1.98,1.89,3.77,4.15,1.91,3.9,4.33,1.85,3.74,4.11
01/11/2025,15:00,Burnley,Arsenal,0,2,A,0,2,A,3,12,0,8,1,6,10,13,2,1,0,0,10,6,1.27,1.73,2.1,2,1.85,9.99,6.26,1.28,13,6,1.29,10.97,5.65,1.28
01/11/2025,15:00,Crystal Palace,Brentford,2,0,H,1,0,H,9,6,2,2,6,5,7,11,0,3,0,0,1.91,3.6,3.9,1.73,2.1,1.93,1.93,1.94,3.68,4.01,1.95,3.75,4.1,1.92,3.65,3.85
01/11/2025,15:00,Fulham,Wolves,3,0,H,1,0,H,19,5,6,2,10,1,13,14,1,3,0,1,1.83,3.5,4.5,2.2,1.67,1.85,2,1.88,3.54,4.56,1.87,3.65,4.8,1.84,3.46,4.51
01/11/2025,15:00,Nott'm Forest,Man United,2,2,D,0,1,A,17,18,3,7,8,5,10,7,1,1,0,0,3.3,3.75,2.05,1.73,2.1,1.8,2.05,3.43,3.87,2.06,3.6,3.8,2.1,3.41,3.67,2.05
01/11/2025,17:30,Tottenham,Chelsea,0,1,A,0,1,A,3,15,1,9,6,5,14,12,4,2,0,0,2.7,3.5,2.5,1.73,2.1,2,1.85,2.73,3.63,2.56,2.8,3.6,2.6,2.71,3.52,2.5
01/11/2025,20:00,Liverpool,Aston Villa,2,0,H,1,0,H,16,10,4,3,1,4,13,11,2,3,0,0,1.65,4.33,4.5,1.53,2.5,2.05,1.75,1.66,4.21,5.07,1.67,4.5,5,1.63,4.32,4.81
02/11/2025,14:00,West Ham,Newcastle,3,1,H,2,1,H,15,12,9,4,7,6,5,10,1,2,0,0,5.25,4,1.62,1.8,2,2.05,1.8,5.07,4.45,1.63,5.5,4.4,1.67,4.99,4.08,1.64
02/11/2025,16:30,Man City,Bournemouth,3,1,H,2,1,H,15,8,8,5,10,4,8,11,2,2,0,0,1.5,4.75,5.75,1.53,2.5,2.05,1.75,1.51,4.75,6.02,1.5,4.9,6.5,1.49,4.64,5.9
03/11/2025,20:00,Sunderland,Everton,1,1,D,0,1,A,17,8,3,2,4,1,10,12,3,2,0,0,2.7,3.2,2.7,2.3,1.62,1.93,1.93,2.82,3.18,2.75,2.8,3.2,2.8,2.74,3.12,2.67
08/11/2025,12:30,Tottenham,Man United,2,2,D,0,1,A,10,5,4,2,5,3,10,8,5,1,0,0,2.63,3.6,2.5,1.67,2.2,1.98,1.88,2.72,3.59,2.58,2.75,3.7,2.6,2.65,3.58,2.52
08/11/2025,15:00,Everton,Fulham,2,0,H,1,0,H,14,8,5,4,7,5,11,14,2,2,0,0,2.2,3.3,3.4,2.2,1.67,1.9,1.95,2.26,3.35,3.41,2.25,3.35,3.5,2.2,3.28,3.4
08/11/2025,15:00,West Ham,Burnley,3,2,H,1,1,D,15,16,6,7,7,4,15,13,2,2,0,0,1.91,3.5,4,2,1.8,1.93,1.93,1.95,3.58,4.12,2,3.6,4.1,1.94,3.5,3.98
08/11/2025,17:30,Sunderland,Arsenal,2,2,D,1,0,H,6,17,2,7,2,2,13,13,2,1,0,0,7.5,5,1.38,2.05,1.8,1.93,1.93,7.56,5.01,1.41,9.5,5,1.4,8.39,4.67,1.39
08/11/2025,20:00,Chelsea,Wolves,3,0,H,0,0,D,20,3,8,0,10,1,12,14,1,2,0,0,1.36,4.75,8.5,1.62,2.3,1.83,2.03,1.37,5.26,8.42,1.37,5.3,9,1.36,5.06,8.27
09/11/2025,14:00,Aston Villa,Bournemouth,4,0,H,2,0,H,16,13,8,4,6,9,8,20,2,2,0,0,2.2,3.4,3.25,1.88,1.98,1.9,1.95,2.25,3.49,3.29,2.28,3.5,3.4,2.19,3.45,3.25
09/11/2025,14:00,Brentford,Newcastle,3,1,H,0,1,A,15,5,7,1,6,2,10,13,2,1,0,0,2.8,3.5,2.45,1.85,2,2.05,1.8,2.97,3.39,2.5,2.95,3.5,2.5,2.84,3.4,2.45
09/11/2025,14:00,Crystal Palace,Brighton,0,0,D,0,0,D,10,7,2,3,4,8,10,12,1,4,0,0,2.25,3.5,3.1,1.73,2.1,1.98,1.88,2.3,3.62,3.1,2.33,3.6,3.15,2.27,3.52,3.04
09/11/2025,14:00,Nott'm Forest,Leeds,3,1,H,1,1,D,14,10,6,3,6,4,10,11,2,1,0,0,2.25,3.25,3.3,2.1,1.73,1.95,1.9,2.29,3.45,3.27,2.25,3.4,3.45,2.22,3.32,3.29
09/11/2025,16:30,Man City,Liverpool,3,0,H,2,0,H,14,7,6,1,7,7,14,15,2,4,0,0,1.9,3.9,3.7,1.5,2.63,1.88,1.98,1.88,4.08,3.85,1.91,4,4,1.88,3.92,3.72
22/11/2025,12:30,Burnley,Chelsea,0,2,A,0,1,A,8,15,2,5,1,9,13,8,2,3,0,0,6.25,4.5,1.48,1.8,2,2.05,1.8,6.45,4.73,1.49,7,4.75,1.52,6.56,4.45,1.48
22/11/2025,15:00,Bournemouth,West Ham,2,2,D,0,2,A,28,5,10,2,9,2,9,10,3,2,0,0,1.62,4.2,4.75,1.67,2.2,1.8,2.05,1.65,4.16,5.26,1.64,4.2,5.5,1.62,4.09,5.14
22/11/2025,15:00,Brighton,Brentford,2,1,H,0,1,A,14,10,5,4,7,4,10,9,4,2,0,0,1.91,3.6,4,1.73,2.1,1.93,1.93,1.96,3.6,4.05,1.96,3.75,4,1.93,3.66,3.82
22/11/2025,15:00,Fulham,Sunderland,1,0,H,0,0,D,24,4,6,2,7,4,5,13,3,3,0,0,2.1,3.25,3.75,2.2,1.67,1.8,2.05,2.12,3.24,3.95,2.15,3.3,3.9,2.1,3.24,3.74
22/11/2025,15:00,Liverpool,Nott'm Forest,0,3,A,0,1,A,21,15,4,7,8,6,11,8,2,0,0,0,1.44,5,6.25,1.53,2.5,1.95,1.9,1.45,4.9,6.9,1.44,5,7.5,1.42,4.86,6.97
22/11/2025,15:00,Wolves,Crystal Palace,0,2,A,0,0,D,8,10,1,4,1,4,13,9,2,3,0,0,3.8,3.6,1.95,2.05,1.8,1.88,1.98,3.92,3.62,1.99,4.1,3.6,2,3.86,3.5,1.97
22/11/2025,17:30,Newcastle,Man City,2,1,H,0,0,D,9,17,5,4,5,9,13,8,1,3,0,0,3.6,3.8,1.95,1.67,2.2,1.9,1.95,3.69,3.8,2,3.65,3.8,2,3.54,3.75,1.98
23/11/2025,14:00,Leeds,Aston Villa,1,2,A,1,0,H,14,14,5,3,3,3,18,16,5,1,0,0,3,3.3,2.4,2.1,1.73,1.78,2.1,3.05,3.27,2.51,3.15,3.35,2.45,3.04,3.25,2.37
23/11/2025,16:30,Arsenal,Tottenham,4,1,H,2,0,H,17,3,8,2,4,1,11,15,1,3,0,0,1.42,4.75,7.5,1.8,2,1.95,1.9,1.43,4.75,7.88,1.42,4.9,8.5,1.39,4.66,8.03
24/11/2025,20:00,Man United,Everton,0,1,A,0,1,A,25,3,6,1,9,1,12,9,2,0,0,1,1.75,4,4.33,1.73,2.1,2,1.85,1.8,3.76,4.68,1.78,4.1,4.6,1.74,3.83,4.49
29/11/2025,15:00,Brentford,Burnley,3,1,H,0,0,D,14,6,4,2,5,6,7,7,0,2,0,0,1.45,4.5,7,1.73,2.1,2.03,1.83,1.47,4.72,6.95,1.49,4.8,7.5,1.45,4.54,6.96
29/11/2025,15:00,Man City,Leeds,3,2,H,2,0,H,18,9,9,4,8,1,17,11,4,1,0,0,1.22,6.5,12,1.53,2.5,1.88,1.98,1.25,6.77,10.58,1.25,6.5,13,1.23,6.42,11.78
29/11/2025,15:00,Sunderland,Bournemouth,3,2,H,1,2,A,12,18,6,6,6,3,14,13,5,5,0,1,3.2,3.3,2.3,2,1.85,1.85,2,3.14,3.4,2.38,3.2,3.4,2.43,3.04,3.3,2.35
29/11/2025,17:30,Everton,Newcastle,1,4,A,0,3,A,10,13,2,8,8,7,4,6,0,0,0,0,2.8,3.25,2.63,2,1.8,1.98,1.88,2.79,3.38,2.64,2.95,3.4,2.63,2.79,3.31,2.55
29/11/2025,20:00,Tottenham,Fulham,1,2,A,0,2,A,14,7,2,3,8,2,11,7,3,2,0,0,2.2,3.3,3.3,1.95,1.9,1.93,1.93,2.3,3.31,3.38,2.25,3.55,3.6,2.18,3.39,3.33
30/11/2025,12:00,Crystal Palace,Man United,1,2,A,1,0,H,14,14,3,6,4,4,14,14,3,2,0,0,2.3,3.4,3.1,1.73,2.1,2,1.85,2.29,3.62,3.11,2.38,3.75,3.1,2.32,3.51,2.93
30/11/2025,14:05,Aston Villa,Wolves,1,0,H,0,0,D,16,9,6,4,7,3,13,21,0,4,0,0,1.5,4.33,6.5,1.8,2,1.83,2.03,1.48,4.76,6.56,1.5,4.6,7.5,1.48,4.39,6.57
30/11/2025,14:05,Nott'm Forest,Brighton,0,2,A,0,1,A,19,17,3,6,9,2,11,10,0,1,0,0,2.75,3.3,2.63,1.91,1.91,1.98,1.88,2.81,3.46,2.58,2.8,3.4,2.63,2.72,3.36,2.54
30/11/2025,14:05,West Ham,Liverpool,0,2,A,0,0,D,7,9,0,5,7,2,12,14,1,0,1,0,4.33,4.33,1.67,1.53,2.5,1.95,1.9,4.45,4.22,1.74,4.45,4.33,1.8,4.28,4.06,1.74
30/11/2025,16:30,Chelsea,Arsenal,1,1,D,0,0,D,11,8,4,4,3,3,12,13,1,6,1,0,3.4,3.3,2.2,1.98,1.88,1.95,1.9,3.47,3.33,2.25,3.45,3.45,2.25,3.33,3.35,2.18
02/12/2025,19:30,Bournemouth,Everton,0,1,A,0,0,D,5,13,2,3,1,6,14,14,3,3,0,0,2.2,3.25,3.3,1.98,1.88,1.93,1.93,2.28,3.36,3.43,2.25,3.4,3.45,2.2,3.29,3.38
02/12/2025,19:30,Fulham,Man City,4,5,A,1,3,A,12,11,6,4,7,2,9,7,0,1,0,0,4.33,4.1,1.73,1.67,2.2,1.95,1.9,4.73,4.13,1.72,5,4.2,1.73,4.66,4.04,1.69
02/12/2025,20:15,Newcastle,Tottenham,2,2,D,0,0,D,19,8,7,2,11,8,5,12,0,3,0,0,1.83,3.8,4.1,1.73,2.1,1.83,2.03,1.85,3.87,4.29,1.83,3.9,4.5,1.8,3.78,4.24
03/12/2025,19:30,Arsenal,Brentford,2,0,H,1,0,H,15,6,7,1,4,8,7,9,0,1,0,0,1.36,5,8.5,1.73,2.1,2.08,1.73,1.35,5.41,8.75,1.37,5.25,10.5,1.35,4.97,8.94
03/12/2025,19:30,Brighton,Aston Villa,3,4,A,2,2,D,16,14,7,10,5,6,10,9,2,2,0,0,2.15,3.5,3.4,1.88,1.98,1.85,2,2.18,3.58,3.37,2.17,3.65,3.4,2.15,3.48,3.33
03/12/2025,19:30,Burnley,Crystal Palace,0,1,A,0,1,A,11,3,4,3,3,4,9,8,0,0,0,0,4.5,3.8,1.75,2,1.8,1.83,2.03,4.64,3.81,1.79,4.75,3.8,1.8,4.57,3.71,1.77
03/12/2025,19:30,Wolves,Nott'm Forest,0,1,A,0,0,D,5,10,1,3,3,9,19,11,2,2,0,0,3.25,3.4,2.25,2.1,1.73,1.9,1.95,3.27,3.37,2.32,3.45,3.4,2.3,3.28,3.3,2.24
03/12/2025,20:15,Leeds,Chelsea,3,1,H,2,0,H,17,14,5,2,4,2,10,13,1,1,0,0,4.1,4.1,1.8,1.83,2.03,1.83,2.03,4.27,4.05,1.8,4.5,4.1,1.8,4.31,3.87,1.78
03/12/2025,20:15,Liverpool,Sunderland,1,1,D,0,0,D,23,9,4,6,7,3,10,5,1,1,0,0,1.36,5.25,7,1.57,2.38,2,1.85,1.37,5.44,8.12,1.37,5.5,8.5,1.35,5.29,8.05
04/12/2025,20:00,Man United,West Ham,1,1,D,0,0,D,17,11,4,3,6,6,13,9,2,2,0,0,1.45,5,6,1.53,2.5,1.98,1.88,1.47,4.9,6.52,1.46,5.1,7,1.43,4.81,6.59
06/12/2025,12:30,Aston Villa,Arsenal,2,1,H,1,0,H,15,15,6,9,3,3,10,8,0,2,0,0,4.2,3.5,1.9,2.1,1.73,1.95,1.9,4.32,3.53,1.92,4.2,3.5,1.95,4.13,3.45,1.91
06/12/2025,15:00,Bournemouth,Chelsea,0,0,D,0,0,D,13,11,5,4,5,0,15,13,0,2,0,0,3.1,3.75,2.15,1.62,2.3,1.95,1.9,3.15,3.83,2.2,3.25,3.75,2.2,3.14,3.67,2.16
06/12/2025,15:00,Everton,Nott'm Forest,3,0,H,2,0,H,11,7,5,3,6,3,17,15,4,3,0,0,2.2,3.2,3.5,2.1,1.73,1.88,1.98,2.23,3.24,3.63,2.2,3.35,3.65,2.17,3.25,3.52
06/12/2025,15:00,Man City,Sunderland,3,0,H,2,0,H,18,8,6,1,6,5,9,10,1,0,0,1,1.25,6.5,10,1.5,2.63,1.9,1.95,1.24,6.68,11.08,1.26,6.5,13,1.24,6.22,11.38
06/12/2025,15:00,Newcastle,Burnley,2,1,H,2,0,H,17,9,7,3,9,9,9,11,2,2,0,1,1.27,6,9.5,1.57,2.38,2.03,1.83,1.27,6.25,10.24,1.3,6,11.5,1.28,5.72,10.39
06/12/2025,15:00,Tottenham,Brentford,2,0,H,2,0,H,15,4,7,1,7,6,8,9,3,4,0,0,2.3,3.5,3,1.83,2.03,2,1.85,2.39,3.42,3.09,2.38,3.5,3.2,2.31,3.44,3.03
06/12/2025,17:30,Leeds,Liverpool,3,3,D,0,0,D,12,16,5,7,5,4,14,14,3,3,0,0,3.8,4,1.85,1.67,2.2,2,1.85,3.96,3.85,1.91,4.2,4.2,1.91,3.95,3.9,1.84
07/12/2025,14:00,Brighton,West Ham,1,1,D,0,0,D,22,14,4,5,10,6,12,8,2,2,0,0,1.55,4.33,5.75,1.62,2.3,1.9,1.95,1.56,4.52,5.73,1.57,4.5,6,1.55,4.32,5.63
07/12/2025,16:30,Fulham,Crystal Palace,1,2,A,1,1,D,12,11,4,5,6,4,5,8,0,0,0,0,2.55,3.3,2.8,2,1.8,1.83,2.03,2.59,3.35,2.87,2.63,3.4,2.88,2.57,3.27,2.77
08/12/2025,20:00,Wolves,Man United,1,4,A,1,1,D,8,27,2,10,1,9,17,12,3,2,0,0,4.2,4,1.75,1.67,2.2,1.85,2,4.19,4.01,1.83,4.4,4.1,1.8,4.22,3.9,1.77
13/12/2025,15:00,Chelsea,Everton,2,0,H,2,0,H,17,11,5,2,4,7,13,11,1,0,0,0,1.67,3.8,5.25,1.88,1.98,1.85,2,1.67,4.04,5.3,1.7,4,5.5,1.66,3.9,5.09
13/12/2025,15:00,Liverpool,Brighton,2,0,H,1,0,H,18,14,4,1,2,2,8,15,1,2,0,0,1.67,4,4.75,1.53,2.5,1.83,2.03,1.69,4.32,4.68,1.7,4.3,5,1.67,4.17,4.62
13/12/2025,17:30,Burnley,Fulham,2,3,A,1,2,A,16,6,8,4,10,4,8,8,1,2,0,0,4,3.5,1.91,2.1,1.73,1.9,1.95,3.98,3.59,1.98,4,3.6,2,3.93,3.48,1.95
13/12/2025,20:00,Arsenal,Wolves,2,1,H,0,0,D,16,3,2,2,8,0,7,15,0,4,0,0,1.13,8.5,21,1.53,2.5,1.93,1.93,1.14,8.77,21.15,1.14,9.5,26,1.12,8.62,22.31
14/12/2025,14:00,Crystal Palace,Man City,0,3,A,0,1,A,16,7,4,6,2,2,9,6,2,0,0,0,3.9,3.9,1.85,1.67,2.2,2.03,1.83,4.05,3.99,1.86,4.2,4,1.88,3.98,3.81,1.83
14/12/2025,14:00,Nott'm Forest,Tottenham,3,0,H,1,0,H,15,6,6,1,3,3,9,13,1,3,0,0,2.55,3.3,2.8,2.03,1.83,1.88,1.98,2.6,3.4,2.82,2.63,3.35,2.88,2.55,3.28,2.76
14/12/2025,14:00,Sunderland,Newcastle,1,0,H,0,0,D,5,6,1,2,3,6,10,10,5,4,0,0,3.3,3.3,2.25,1.91,1.91,1.93,1.93,3.43,3.33,2.26,3.35,3.4,2.28,3.26,3.33,2.22
14/12/2025,14:00,West Ham,Aston Villa,2,3,A,2,1,H,10,7,3,4,5,3,18,13,1,2,0,0,3.75,3.5,2,1.8,2,1.83,2.03,3.76,3.57,2.05,3.9,3.65,2.05,3.63,3.51,2
14/12/2025,16:30,Brentford,Leeds,1,1,D,0,0,D,7,18,2,4,0,3,8,9,0,0,0,0,1.91,3.6,4,1.9,1.95,1.93,1.93,1.97,3.69,3.89,2,3.7,4,1.94,3.54,3.85
15/12/2025,20:00,Man United,Bournemouth,4,4,D,2,1,H,25,14,9,9,5,4,15,12,2,3,0,0,1.83,4,3.8,1.57,2.38,1.83,2.03,1.84,4.21,3.93,1.85,4.25,4,1.82,3.98,3.84
20/12/2025,12:30,Newcastle,Chelsea,2,2,D,2,0,H,11,13,5,4,6,4,13,14,3,6,0,0,2.75,3.6,2.45,1.67,2.2,2.03,1.83,2.87,3.41,2.55,2.85,3.65,2.6,2.73,3.51,2.47
20/12/2025,15:00,Bournemouth,Burnley,1,1,D,0,0,D,16,4,1,1,5,3,11,11,1,1,0,0,1.48,4.33,6.5,1.67,2.2,2.05,1.8,1.48,4.65,6.73,1.5,4.75,7,1.47,4.44,6.59
20/12/2025,15:00,Brighton,Sunderland,0,0,D,0,0,D,16,14,4,6,3,4,11,15,2,2,0,0,1.67,4,5.25,1.85,2,1.85,2,1.63,4.15,5.5,1.7,4.2,5.5,1.65,3.95,5.16
20/12/2025,15:00,Man City,West Ham,3,0,H,2,0,H,17,7,8,3,6,0,16,10,1,1,0,0,1.22,8,10,1.36,3.2,1.93,1.93,1.2,7.87,12.43,1.22,8,13,1.2,7.36,11.88
20/12/2025,15:00,Wolves,Brentford,0,2,A,0,0,D,9,7,2,6,3,4,12,15,2,4,0,0,3.5,3.6,2.05,2,1.85,1.8,2.05,3.66,3.56,2.08,3.75,3.6,2.1,3.59,3.48,2.05
20/12/2025,17:30,Tottenham,Liverpool,1,2,A,0,0,D,15,8,4,4,2,6,9,7,3,3,2,0,3.5,3.75,2,1.67,2.2,1.83,2.03,3.42,3.8,2.09,3.5,3.85,2.1,3.36,3.71,2.02
20/12/2025,20:00,Everton,Arsenal,0,1,A,0,1,A,5,13,1,2,2,3,4,5,2,2,0,0,5.75,4.1,1.57,2.1,1.73,1.83,2.03,6.18,4.09,1.58,6.5,4.1,1.62,6.03,3.89,1.57
20/12/2025,20:00,Leeds,Crystal Palace,4,1,H,2,0,H,20,9,8,3,9,5,5,10,1,3,0,0,2.6,3.3,2.75,2.1,1.73,1.88,1.98,2.66,3.32,2.81,2.7,3.3,2.88,2.6,3.25,2.76
21/12/2025,16:30,Aston Villa,Man United,2,1,H,1,1,D,12,15,4,6,5,5,11,14,1,2,0,0,2.1,3.6,3.3,1.67,2.2,1.83,2.03,2.08,3.73,3.49,2.15,3.75,3.4,2.1,3.64,3.26
22/12/2025,20:00,Fulham,Nott'm Forest,1,0,H,1,0,H,11,12,1,2,1,5,5,9,5,4,0,0,2.4,3.25,3,2.05,1.8,2.1,1.78,2.51,3.29,3.01,2.5,3.4,3.1,2.42,3.27,2.93
26/12/2025,20:00,Man United,Newcastle,1,0,H,1,0,H,10,16,4,3,2,11,9,5,2,1,0,0,2.55,3.6,2.6,1.67,2.2,1.9,1.95,2.57,3.71,2.67,2.55,3.75,2.8,2.47,3.58,2.67
27/12/2025,12:30,Nott'm Forest,Man City,1,2,A,0,0,D,7,16,2,5,5,5,5,13,1,2,0,0,5,4.33,1.6,1.67,2.2,1.85,2,5.26,4.53,1.6,5.6,4.4,1.6,5.21,4.24,1.59
27/12/2025,15:00,Arsenal,Brighton,2,1,H,1,0,H,24,8,6,3,7,2,7,13,2,3,0,0,1.42,4.75,7,1.67,2.2,1.9,1.95,1.39,5.09,8.08,1.44,5,8,1.41,4.73,7.34
27/12/2025,15:00,Brentford,Bournemouth,4,1,H,2,0,H,15,20,7,10,2,15,9,8,2,2,0,0,2.25,3.6,3,1.67,2.2,1.98,1.88,2.31,3.67,3.05,2.32,3.75,3.1,2.25,3.57,2.98
27/12/2025,15:00,Burnley,Everton,0,0,D,0,0,D,16,15,0,6,6,5,8,8,0,2,0,0,4.1,3.4,1.95,2.2,1.67,1.88,1.98,4.12,3.35,2.03,4.25,3.5,2,4.03,3.33,1.96
27/12/2025,15:00,Liverpool,Wolves,2,1,H,2,0,H,14,9,4,4,6,4,5,13,0,1,0,0,1.25,6.5,10,1.5,2.63,1.88,1.98,1.23,7.02,11.7,1.25,6.75,13,1.24,6.31,11.25
27/12/2025,15:00,West Ham,Fulham,0,1,A,0,0,D,11,15,2,4,5,4,8,8,1,3,0,0,2.63,3.4,2.6,1.8,2,1.95,1.9,2.69,3.49,2.67,2.8,3.5,2.75,2.65,3.38,2.59
27/12/2025,17:30,Chelsea,Aston Villa,1,2,A,1,0,H,14,11,3,8,6,7,16,8,5,3,0,0,1.83,3.9,4,1.67,2.2,1.85,2,1.85,3.95,4.1,1.89,4,4.2,1.84,3.82,3.97
28/12/2025,14:00,Sunderland,Leeds,1,1,D,1,0,H,8,17,3,6,3,9,7,9,1,0,0,0,2.5,3.1,2.88,2.2,1.67,1.83,2.03,2.63,3.31,2.86,2.7,3.25,2.88,2.56,3.18,2.8
28/12/2025,16:30,Crystal Palace,Tottenham,0,1,A,0,1,A,15,8,2,4,3,2,7,5,3,2,0,0,2.25,3.25,3.2,2,1.8,1.98,1.88,2.29,3.34,3.36,2.3,3.45,3.35,2.25,3.33,3.19
30/12/2025,19:30,Burnley,Newcastle,1,3,A,1,2,A,15,20,4,9,3,4,9,3,2,1,0,0,5.25,4.2,1.6,1.8,2,1.83,2.03,5.67,4.28,1.61,5.75,4.35,1.62,5.5,4.11,1.59
30/12/2025,19:30,Chelsea,Bournemouth,2,2,D,2,2,D,17,17,3,6,12,3,5,12,1,1,0,0,1.5,4.75,5.75,1.5,2.63,1.78,2.03,1.53,4.74,5.95,1.53,4.75,6.5,1.51,4.56,5.81
30/12/2025,19:30,Nott'm Forest,Everton,0,2,A,0,1,A,21,11,6,3,9,2,11,9,1,0,0,0,2.1,3.25,3.7,2.3,1.62,1.8,2.05,2.13,3.31,3.88,2.2,3.25,3.8,2.12,3.21,3.7
30/12/2025,19:30,West Ham,Brighton,2,2,D,2,1,H,10,16,4,6,5,5,11,18,3,5,0,0,3.4,3.75,2,1.67,2.2,1.8,2.05,3.6,3.82,2.05,3.6,3.75,2.1,3.41,3.67,2.04
30/12/2025,20:15,Arsenal,Aston Villa,4,1,H,0,0,D,22,11,7,3,3,3,18,9,2,3,0,0,1.42,4.75,7,1.67,2.2,1.93,1.93,1.43,4.97,7.51,1.45,5,7.5,1.43,4.68,7.02
30/12/2025,20:15,Man United,Wolves,1,1,D,1,1,D,15,11,6,4,8,4,9,12,0,2,0,0,1.36,5.25,8,1.62,2.3,1.83,2.03,1.37,5.38,8.33,1.4,5.25,9,1.37,5.06,8.09
01/01/2026,17:30,Crystal Palace,Fulham,1,1,D,1,0,H,11,17,2,5,6,3,7,10,0,5,0,0,2.15,3.3,3.4,2.1,1.73,1.88,1.98,2.2,3.34,3.59,2.2,3.4,3.5,2.17,3.34,3.4
01/01/2026,17:30,Liverpool,Leeds,0,0,D,0,0,D,19,4,4,2,8,3,10,8,0,2,0,0,1.55,4.5,5.5,1.62,2.3,1.88,1.98,1.55,4.45,5.94,1.55,4.6,6.4,1.53,4.41,5.83
01/01/2026,20:00,Brentford,Tottenham,0,0,D,0,0,D,7,9,2,3,3,1,8,10,1,2,0,0,2.1,3.6,3.2,1.93,1.93,1.85,2,2.18,3.49,3.48,2.15,3.6,3.5,2.11,3.49,3.35
01/01/2026,20:00,Sunderland,Man City,0,0,D,0,0,D,10,14,4,4,3,5,9,6,1,1,0,0,7.5,4.75,1.38,1.62,2.3,2,1.85,7.71,5.15,1.4,8.5,5,1.44,7.81,4.82,1.39
03/01/2026,12:30,Aston Villa,Nott'm Forest,3,1,H,1,0,H,11,10,4,5,4,4,10,20,1,2,0,0,1.75,3.9,4.5,1.8,2,1.98,1.88,1.76,3.86,4.83,1.8,3.9,4.75,1.76,3.74,4.54
03/01/2026,15:00,Brighton,Burnley,2,0,H,1,0,H,15,5,4,3,4,4,7,17,0,4,0,0,1.48,4.33,7,1.73,2.1,1.75,2.05,1.5,4.54,6.59,1.5,4.5,7,1.49,4.35,6.56
03/01/2026,15:00,Wolves,West Ham,3,0,H,3,0,H,11,6,8,0,6,7,11,10,1,0,0,0,2.5,3.3,2.88,1.98,1.88,1.8,2.05,2.53,3.44,2.88,2.52,3.5,2.95,2.48,3.37,2.82
03/01/2026,17:30,Bournemouth,Arsenal,2,3,A,1,1,D,15,12,3,5,7,5,13,8,3,1,0,0,6.5,4.75,1.44,1.62,2.3,1.75,2.05,6.16,5.04,1.48,6.5,5,1.53,6.13,4.57,1.48
04/01/2026,12:30,Leeds,Man United,1,1,D,0,0,D,11,15,3,2,6,4,9,9,0,1,0,0,2.7,3.3,2.63,1.83,2.03,1.98,1.88,2.71,3.57,2.61,2.8,3.5,2.63,2.68,3.44,2.56
04/01/2026,15:00,Everton,Brentford,2,4,A,0,1,A,14,11,6,7,4,5,9,8,0,2,0,0,2.35,3.25,3.1,2.2,1.67,2.03,1.83,2.45,3.16,3.24,2.4,3.25,3.25,2.36,3.19,3.1
04/01/2026,15:00,Newcastle,Crystal Palace,2,0,H,0,0,D,12,11,7,1,8,6,5,12,1,3,0,0,1.7,3.9,4.75,1.8,2,1.88,1.98,1.71,4.04,4.86,1.7,4.1,5.3,1.67,3.92,4.89
04/01/2026,15:00,Tottenham,Sunderland,1,1,D,1,0,H,13,10,5,3,3,5,10,6,2,3,0,0,1.8,3.6,4.5,2,1.8,1.8,2.05,1.83,3.85,4.39,1.84,3.8,4.7,1.8,3.65,4.37
04/01/2026,15:15,Fulham,Liverpool,2,2,D,1,0,H,8,10,2,2,3,8,11,4,1,1,0,0,3.8,3.75,1.91,1.8,2,1.9,1.95,3.75,3.84,1.97,3.95,3.8,1.96,3.74,3.68,1.92
04/01/2026,17:30,Man City,Chelsea,1,1,D,1,0,H,14,8,3,3,8,2,12,14,3,3,0,0,1.6,4.75,4.5,1.5,2.63,1.78,2.03,1.65,4.66,4.64,1.67,4.75,5.1,1.63,4.39,4.66
06/01/2026,20:00,West Ham,Nott'm Forest,1,2,A,1,0,H,14,13,3,5,6,5,15,9,3,0,0,0,2.88,3.25,2.2,1.98,1.88,1.88,1.98,3.29,3.37,2.34,3.25,3.4,2.38,3.1,3.33,2.3
07/01/2026,19:30,Bournemouth,Tottenham,3,2,H,2,1,H,11,16,3,4,3,7,19,10,3,3,0,0,2.1,3.6,3.3,1.73,2.1,1.85,2,2.14,3.72,3.36,2.18,3.75,3.4,2.11,3.62,3.27
07/01/2026,19:30,Brentford,Sunderland,3,0,H,1,0,H,18,11,6,3,7,4,13,13,2,1,0,0,1.85,3.5,4.33,2.05,1.8,1.85,2,1.85,3.63,4.56,1.88,3.6,4.5,1.83,3.56,4.36
07/01/2026,19:30,Crystal Palace,Aston Villa,0,0,D,0,0,D,11,15,5,3,3,5,8,3,2,0,0,0,3.1,3.3,2.3,1.93,1.93,1.85,2,3.14,3.4,2.38,3.2,3.5,2.38,3.08,3.36,2.31
07/01/2026,19:30,Everton,Wolves,1,1,D,1,0,H,13,13,2,4,2,7,13,15,1,3,2,0,1.75,3.5,5,2.1,1.73,2.03,1.83,1.79,3.57,5.06,1.8,3.65,5.25,1.76,3.55,4.85
07/01/2026,19:30,Fulham,Chelsea,2,1,H,0,0,D,16,14,5,6,2,11,11,6,3,3,0,1,3.4,3.6,2.05,1.8,2,1.8,2.05,3.45,3.76,2.09,3.5,3.7,2.12,3.38,3.59,2.07
07/01/2026,19:30,Man City,Brighton,1,1,D,1,0,H,22,6,6,3,6,2,6,16,1,6,0,0,1.4,5.25,6.5,1.44,2.75,1.83,2.03,1.4,5.43,7.17,1.4,5.5,8.5,1.37,5.23,7.27
07/01/2026,20:15,Burnley,Man United,2,2,D,1,0,H,7,30,1,10,2,6,9,8,2,0,0,0,4.75,4,1.7,1.73,2.1,1.98,1.88,4.92,4.15,1.69,5,4,1.75,4.68,3.95,1.7
07/01/2026,20:15,Newcastle,Leeds,4,3,H,1,2,A,18,14,8,6,8,4,11,10,3,2,0,0,1.67,3.8,5,1.83,2.03,1.88,1.98,1.7,3.89,5.19,1.73,4.1,5.5,1.67,3.87,5.02
08/01/2026,20:00,Arsenal,Liverpool,0,0,D,0,0,D,9,8,4,0,3,0,10,9,2,2,0,0,1.6,4.1,5,1.73,2.1,2.05,1.8,1.6,4.35,5.49,1.64,4.33,5.6,1.6,4.11,5.25
17/01/2026,12:30,Man United,Man City,2,0,H,0,0,D,11,7,7,1,1,6,13,8,2,3,0,0,3.7,3.8,1.91,1.53,2.5,1.93,1.93,,,,3.7,4,2,3.55,3.87,1.94
17/01/2026,15:00,Chelsea,Brentford,2,0,H,1,0,H,6,15,2,5,3,9,7,10,3,2,0,0,1.73,4,4.75,1.62,2.3,1.93,1.93,,,,1.73,4.1,5.1,1.69,3.97,4.75
17/01/2026,15:00,Leeds,Fulham,1,0,H,0,0,D,14,8,5,1,7,3,6,11,1,5,0,0,2.15,3.3,3.5,2.1,1.73,1.85,2,,,,2.23,3.4,3.5,2.17,3.33,3.41
17/01/2026,15:00,Liverpool,Burnley,1,1,D,1,0,H,32,7,11,1,9,1,8,10,1,2,0,0,1.22,6.5,11,1.57,2.38,1.93,1.93,,,,1.25,6.75,16,1.22,6.4,12.44
17/01/2026,15:00,Sunderland,Crystal Palace,2,1,H,1,1,D,13,6,7,2,3,4,8,15,3,3,0,0,2.75,3.1,2.75,2.2,1.67,1.93,1.93,,,,2.75,3.2,2.85,2.69,3.15,2.74
17/01/2026,15:00,Tottenham,West Ham,1,2,A,0,1,A,21,17,6,4,11,5,12,17,5,3,0,0,1.73,4,4.5,1.73,2.1,1.93,1.93,,,,1.75,4,4.9,1.71,3.91,4.63
17/01/2026,17:30,Nott'm Forest,Arsenal,0,0,D,0,0,D,6,15,0,3,4,9,8,14,1,1,0,0,6,4.33,1.53,1.91,1.91,1.93,1.93,,,,6.5,4.4,1.57,6.1,4.16,1.54
18/01/2026,14:00,Wolves,Newcastle,0,0,D,0,0,D,6,12,2,2,4,7,14,8,2,2,0,0,4.75,4,1.7,1.67,2.2,1.95,1.9,,,,5,4.2,1.73,4.6,3.98,1.7
18/01/2026,16:30,Aston Villa,Everton,0,1,A,0,0,D,18,9,5,3,6,4,15,13,1,2,0,0,1.67,3.9,5.25,1.93,1.93,1.85,2,,,,1.7,4,5.5,1.66,3.87,5.09
19/01/2026,20:00,Brighton,Bournemouth,1,1,D,0,1,A,17,11,5,2,11,6,7,6,2,3,0,0,1.85,3.9,3.8,1.5,2.63,1.88,1.98,,,,1.91,4.1,4.1,1.85,3.92,3.75
24/01/2026,12:30,West Ham,Sunderland,3,1,H,3,0,H,13,7,5,2,3,3,9,16,2,4,0,0,2.5,3.2,2.88,2.1,1.73,1.8,2.05,,,,2.6,3.4,2.9,2.51,3.24,2.85
24/01/2026,15:00,Burnley,Tottenham,2,2,D,1,1,D,9,18,4,11,1,3,8,9,1,0,0,0,3.7,3.5,2.05,2,1.8,1.8,2.05,,,,3.8,3.5,2.1,3.64,3.39,2.05
24/01/2026,15:00,Fulham,Brighton,2,1,H,0,1,A,12,13,4,5,6,6,10,6,1,1,0,0,2.6,3.4,2.7,1.73,2.1,1.88,1.98,,,,2.6,3.5,2.75,2.54,3.42,2.71
24/01/2026,15:00,Man City,Wolves,2,0,H,2,0,H,11,11,4,1,4,6,16,14,1,3,0,0,1.2,7,11,1.4,3,1.83,2.03,,,,1.24,7.5,15,1.21,6.68,12
24/01/2026,17:30,Bournemouth,Liverpool,3,2,H,2,1,H,12,14,5,4,3,11,7,7,1,1,0,0,3.75,3.8,1.9,1.62,2.3,1.95,1.9,,,,3.85,4,1.92,3.73,3.87,1.89
25/01/2026,14:00,Brentford,Nott'm Forest,0,2,A,0,1,A,10,7,1,2,6,5,11,10,1,0,0,0,1.91,3.5,4.1,1.98,1.88,1.9,1.95,,,,1.95,3.6,4.35,1.9,3.49,4.02
25/01/2026,14:00,Crystal Palace,Chelsea,1,3,A,0,1,A,13,10,7,6,4,5,11,10,2,2,1,0,3.5,3.8,2,1.73,2.1,1.85,2,,,,3.65,3.8,2.05,3.5,3.66,2
25/01/2026,14:00,Newcastle,Aston Villa,0,2,A,0,1,A,15,14,4,8,6,5,7,12,1,2,0,0,1.95,3.7,3.7,1.67,2.2,1.98,1.88,,,,2.02,3.8,3.7,1.98,3.66,3.54
25/01/2026,16:30,Arsenal,Man United,2,3,A,1,1,D,15,10,4,3,9,2,11,9,2,0,0,0,1.55,4.2,6,1.73,2.1,1.93,1.93,,,,1.6,4.2,6.4,1.55,4.08,5.89
26/01/2026,20:00,Everton,Leeds,1,1,D,0,1,A,10,14,3,4,4,4,9,13,0,3,0,0,2.5,3.25,2.9,2.2,1.67,2.1,1.7,,,,2.6,3.25,3,2.48,3.15,2.92
31/01/2026,15:00,Brighton,Everton,1,1,D,0,0,D,11,7,2,4,5,2,13,14,1,2,0,0,1.85,3.6,4.1,1.9,1.95,1.88,1.98,,,,1.91,3.75,4.3,1.86,3.6,4.13
31/01/2026,15:00,Leeds,Arsenal,0,4,A,0,2,A,3,14,1,8,4,12,10,7,1,1,0,0,5.75,4.2,1.55,1.98,1.88,1.88,1.98,,,,6.75,4.25,1.57,6.16,4.1,1.54
31/01/2026,15:00,Wolves,Bournemouth,0,2,A,0,1,A,17,9,7,4,5,6,11,15,3,3,0,0,2.9,3.5,2.3,1.73,2.1,1.8,2.05,,,,3.1,3.6,2.38,2.95,3.5,2.31
31/01/2026,17:30,Chelsea,West Ham,3,2,H,0,2,A,14,11,6,6,9,3,11,13,3,2,0,1,1.5,4.5,6,1.53,2.5,2.05,1.8,,,,1.51,4.75,6.5,1.49,4.53,6.05
31/01/2026,20:00,Liverpool,Newcastle,4,1,H,2,1,H,17,8,7,2,7,11,11,7,1,3,0,0,1.8,3.9,4.1,1.62,2.3,2.03,1.83,,,,1.83,4.2,4.2,1.77,3.99,4.12
01/02/2026,14:00,Aston Villa,Brentford,0,1,A,0,1,A,27,6,5,2,12,1,8,8,0,3,0,0,2.1,3.5,3.4,1.8,2,1.83,2.03,,,,2.12,3.6,3.6,2.08,3.47,3.46
01/02/2026,14:00,Man United,Fulham,3,2,H,1,0,H,13,14,6,6,3,7,6,9,2,1,0,0,1.57,4.5,5,1.67,2.2,1.98,1.88,,,,1.61,4.6,5.5,1.58,4.32,5.2
01/02/2026,14:00,Nott'm Forest,Crystal Palace,1,1,D,1,1,D,9,14,1,3,5,7,4,12,1,3,0,0,1.95,3.5,3.9,2,1.8,1.98,1.88,,,,1.98,3.6,4,1.95,3.48,3.88
01/02/2026,16:30,Tottenham,Man City,2,2,D,0,2,A,12,15,6,3,3,4,15,12,3,3,0,0,4.5,4.1,1.73,1.62,2.3,1.93,1.93,,,,4.6,4.4,1.75,4.41,4.06,1.71
02/02/2026,20:00,Sunderland,Burnley,3,0,H,2,0,H,14,5,5,0,1,2,12,10,1,4,0,0,1.8,3.5,4.75,2.2,1.67,2.03,1.78,,,,1.83,3.6,5,1.8,3.42,4.73
06/02/2026,20:00,Leeds,Nott'm Forest,3,1,H,2,0,H,14,16,5,6,5,10,9,12,1,1,0,0,2.2,3.3,3.4,2.1,1.73,1.88,1.98,,,,2.33,3.4,3.5,2.21,3.26,3.37
07/02/2026,12:30,Man United,Tottenham,2,0,H,1,0,H,23,7,10,1,7,0,12,11,1,2,0,1,1.57,4.5,5,1.44,2.75,1.93,1.93,,,,1.61,4.75,5.4,1.57,4.54,4.97
07/02/2026,15:00,Arsenal,Sunderland,3,0,H,1,0,H,16,5,5,3,5,2,11,8,1,2,0,0,1.22,6.25,12,1.73,2.1,1.93,1.93,,,,1.23,6.75,16,1.21,6.23,14.08
07/02/2026,15:00,Bournemouth,Aston Villa,1,1,D,0,1,A,20,7,9,4,11,4,4,11,1,1,0,0,2.7,3.5,2.5,1.67,2.2,2,1.85,,,,2.8,3.75,2.5,2.68,3.6,2.46
07/02/2026,15:00,Burnley,West Ham,0,2,A,0,2,A,18,6,5,4,5,2,11,10,3,1,0,0,3.3,3.5,2.15,1.9,1.95,1.95,1.9,,,,3.4,3.6,2.2,3.28,3.5,2.14
07/02/2026,15:00,Fulham,Everton,1,2,A,1,0,H,13,16,3,3,6,6,11,12,1,5,0,0,2.1,3.25,3.75,2.2,1.67,1.8,2.05,,,,2.15,3.4,3.8,2.1,3.27,3.64
07/02/2026,15:00,Wolves,Chelsea,1,3,A,0,3,A,11,15,3,6,3,4,9,10,1,1,0,0,5,4,1.67,1.73,2.1,2.03,1.83,,,,5.4,4.2,1.7,4.9,4.05,1.65
07/02/2026,17:30,Newcastle,Brentford,2,3,A,1,2,A,16,11,4,5,9,3,14,18,2,2,0,0,2.1,3.5,3.5,1.73,2.1,1.8,2.05,,,,2.1,3.75,3.75,2.05,3.53,3.51
08/02/2026,14:00,Brighton,Crystal Palace,0,1,A,0,0,D,7,7,2,4,3,4,12,9,1,3,0,0,1.95,3.5,3.9,1.8,2,1.98,1.88,,,,2,3.75,3.9,1.96,3.57,3.68
08/02/2026,16:30,Liverpool,Man City,1,2,A,0,0,D,15,17,4,7,5,4,13,16,2,4,1,0,2.38,3.7,2.75,1.57,2.38,2.05,1.8,,,,2.42,3.75,2.88,2.34,3.68,2.76
10/02/2026,19:30,Chelsea,Leeds,2,2,D,1,0,H,19,4,4,2,4,1,9,13,4,4,0,0,1.55,4.33,5.5,1.62,2.3,1.9,1.95,,,,1.57,4.4,6,1.55,4.28,5.66
10/02/2026,19:30,Everton,Bournemouth,1,2,A,1,0,H,16,11,6,4,7,2,14,15,1,3,1,0,2.38,3.4,3,1.88,1.98,1.7,2.1,,,,2.5,3.45,3,2.41,3.35,2.91
10/02/2026,19:30,Tottenham,Newcastle,1,2,A,0,1,A,16,21,2,5,2,12,15,11,3,2,0,0,3.2,3.6,2.2,1.73,2.1,1.93,1.93,,,,3.25,3.6,2.3,3.18,3.48,2.2
10/02/2026,20:15,West Ham,Man United,1,1,D,0,0,D,7,9,3,3,5,3,10,4,1,1,0,0,4.5,4.2,1.7,1.5,2.63,1.98,1.88,,,,4.5,4.4,1.73,4.36,4.23,1.7
11/02/2026,19:30,Aston Villa,Brighton,1,0,H,0,0,D,15,9,1,3,7,5,9,15,2,3,0,0,1.91,3.7,3.8,1.8,2,1.93,1.93,,,,1.95,3.8,3.85,1.92,3.67,3.79
11/02/2026,19:30,Crystal Palace,Burnley,2,3,A,2,3,A,21,8,3,3,8,2,11,8,2,1,0,0,1.57,4,6.25,1.98,1.88,1.98,1.88,,,,1.58,4.2,6.5,1.55,3.98,6.18
11/02/2026,19:30,Man City,Fulham,3,0,H,3,0,H,13,14,5,3,4,4,8,10,3,1,0,0,1.36,5.5,7,1.53,2.5,2,1.85,,,,1.38,5.5,9,1.34,5.33,8.08
11/02/2026,19:30,Nott'm Forest,Wolves,0,0,D,0,0,D,35,7,10,3,8,2,12,13,0,2,0,0,1.7,3.8,5,2,1.85,1.93,1.93,,,,1.75,3.8,5.5,1.69,3.72,5.09
11/02/2026,20:15,Sunderland,Liverpool,0,1,A,0,0,D,11,23,2,3,3,11,8,10,1,0,0,0,4.75,3.8,1.73,1.8,2,1.93,1.93,,,,5,4,1.77,4.65,3.83,1.72
12/02/2026,20:00,Brentford,Arsenal,1,1,D,0,0,D,12,7,3,2,6,4,12,11,3,2,0,0,4.75,3.9,1.7,1.88,1.98,1.93,1.93,,,,5.1,4,1.7,4.83,3.86,1.69
18/02/2026,20:00,Wolves,Arsenal,2,2,D,0,1,A,5,10,2,4,1,3,6,8,2,1,0,0,11,5.25,1.29,1.73,2.1,2,1.85,,,,12,5.8,1.3,10.94,5.48,1.28
21/02/2026,15:00,Aston Villa,Leeds,1,1,D,0,1,A,16,14,4,4,7,2,11,16,1,4,0,0,1.85,3.6,4.33,1.83,2.03,1.85,2,,,,1.9,3.8,4.5,1.84,3.62,4.24
21/02/2026,15:00,Brentford,Brighton,0,2,A,0,2,A,13,11,3,7,6,4,9,14,1,2,0,0,2,3.7,3.5,1.8,2,2.03,1.83,,,,2.05,3.8,3.6,2.01,3.7,3.45
21/02/2026,15:00,Chelsea,Burnley,1,1,D,1,0,H,12,12,2,4,9,5,13,11,2,2,1,0,1.22,6.5,12,1.44,2.75,2.03,1.83,,,,1.23,7,15,1.2,6.7,12.88
21/02/2026,17:30,West Ham,Bournemouth,0,0,D,0,0,D,20,10,3,5,9,5,10,11,1,1,0,0,2.5,3.7,2.63,1.57,2.38,1.85,2,,,,2.5,3.75,2.8,2.41,3.65,2.71
21/02/2026,20:00,Man City,Newcastle,2,1,H,2,1,H,15,13,7,7,5,5,12,13,2,5,0,0,1.45,5,5.5,1.44,2.75,2,1.85,,,,1.48,5,6.1,1.46,4.92,5.82
22/02/2026,14:00,Crystal Palace,Wolves,1,0,H,0,0,D,14,12,3,7,7,3,19,13,5,1,0,1,1.65,4,5,1.91,1.91,1.83,2.03,,,,1.65,4.2,5.5,1.62,3.99,5.26
22/02/2026,14:00,Nott'm Forest,Liverpool,0,1,A,0,0,D,18,10,2,4,7,2,13,9,2,0,0,0,4.1,3.9,1.8,1.73,2.1,1.83,2.03,,,,4.4,4,1.83,4.08,3.88,1.8
22/02/2026,14:00,Sunderland,Fulham,1,3,A,0,0,D,12,12,2,4,6,4,6,13,1,1,0,0,2.7,3.25,2.7,2.2,1.67,1.93,1.93,,,,2.7,3.4,2.75,2.65,3.27,2.67
22/02/2026,16:30,Tottenham,Arsenal,1,4,A,1,1,D,6,20,5,7,2,5,17,11,2,1,0,0,6,4,1.57,1.8,2,1.88,1.98,,,,6.1,4.2,1.6,5.83,3.98,1.56
23/02/2026,20:00,Everton,Man United,0,1,A,0,0,D,12,11,4,3,10,1,12,7,2,3,0,0,3.7,3.75,1.91,1.73,2.1,1.9,1.95,,,,3.7,3.9,2,3.57,3.73,1.94
27/02/2026,20:00,Wolves,Aston Villa,2,0,H,0,0,D,9,14,2,5,0,5,13,19,3,3,0,0,4.1,3.7,1.85,1.85,2,2.03,1.83,,,,4.35,3.7,1.9,4.17,3.64,1.84
28/02/2026,12:30,Bournemouth,Sunderland,1,1,D,0,1,A,21,8,5,4,7,3,15,12,4,2,0,0,1.8,3.75,4.33,1.8,2,2,1.85,,,,1.8,4,4.5,1.77,3.8,4.34
28/02/2026,15:00,Burnley,Brentford,3,4,A,1,3,A,12,16,3,7,4,8,9,9,2,2,0,0,4.5,3.9,1.73,1.85,2,1.88,1.98,,,,4.9,4,1.76,4.58,3.81,1.73
28/02/2026,15:00,Liverpool,West Ham,5,2,H,3,0,H,18,11,7,4,10,5,12,11,2,2,0,0,1.42,4.75,6.5,1.44,2.75,1.88,1.98,,,,1.44,5.5,7,1.41,5.02,6.68
28/02/2026,15:00,Newcastle,Everton,2,3,A,1,2,A,17,9,7,5,7,2,15,7,2,3,0,0,1.7,4,4.75,1.73,2.1,1.88,1.98,,,,1.73,4,4.8,1.69,3.92,4.67
28/02/2026,17:30,Leeds,Man City,0,1,A,0,1,A,14,14,2,5,5,3,10,8,0,3,0,0,4.75,4.33,1.62,1.62,2.3,1.8,2.05,,,,5.25,4.75,1.63,5,4.25,1.6
01/03/2026,14:00,Brighton,Nott'm Forest,2,1,H,2,1,H,14,13,7,4,4,4,12,13,3,1,0,0,2,3.6,3.5,1.83,2.03,2.03,1.83,,,,2.1,3.65,3.6,2.05,3.54,3.42
01/03/2026,14:00,Fulham,Tottenham,2,1,H,2,0,H,18,13,4,1,5,8,11,14,3,3,0,0,2.1,3.6,3.3,1.73,2.1,1.83,2.03,,,,2.1,3.75,3.5,2.08,3.57,3.3
01/03/2026,14:00,Man United,Crystal Palace,2,1,H,0,1,A,20,8,11,3,7,1,13,12,2,2,0,1,1.53,4.5,5.5,1.67,2.2,1.9,1.95,,,,1.57,4.5,6,1.53,4.31,5.61
01/03/2026,16:30,Arsenal,Chelsea,2,1,H,1,1,D,12,9,5,3,5,10,11,14,1,3,0,1,1.6,3.8,5.5,1.73,2.1,1.75,2.05,,,,1.63,4,5.5,1.6,3.98,5.28
03/03/2026,19:30,Bournemouth,Brentford,0,0,D,0,0,D,13,5,2,2,4,3,9,10,2,1,0,0,2.5,3.6,2.63,1.62,2.3,1.85,2,,,,2.5,3.75,2.7,2.48,3.59,2.65
03/03/2026,19:30,Everton,Burnley,2,0,H,1,0,H,14,5,5,2,6,3,10,12,0,1,0,0,1.57,4,6,1.98,1.88,2,1.85,,,,1.57,4.1,6.5,1.56,3.96,6.06
03/03/2026,19:30,Leeds,Sunderland,0,1,A,0,0,D,18,3,4,1,9,2,15,19,1,3,0,0,1.85,3.4,4.33,2.1,1.73,1.9,1.95,,,,1.91,3.5,4.6,1.86,3.43,4.31
03/03/2026,20:15,Wolves,Liverpool,2,1,H,0,0,D,4,19,3,7,2,11,10,13,2,1,0,0,5.5,4.5,1.5,1.62,2.3,1.75,2.05,,,,6.5,4.75,1.52,6.08,4.61,1.48
04/03/2026,19:30,Aston Villa,Chelsea,1,4,A,1,2,A,9,15,4,8,3,8,10,9,3,2,0,0,2.7,3.4,2.55,1.73,2.1,2,1.85,,,,2.75,3.7,2.55,2.67,3.57,2.46
04/03/2026,19:30,Brighton,Arsenal,0,1,A,0,1,A,11,7,3,2,4,3,14,12,4,1,0,0,4.75,4.1,1.65,1.91,1.91,2,1.85,,,,5.4,4.1,1.67,5.03,3.92,1.64
04/03/2026,19:30,Fulham,West Ham,0,1,A,0,0,D,13,9,5,3,7,5,14,12,2,4,0,0,2,3.5,3.7,1.73,2.1,2.03,1.83,,,,2.08,3.75,3.75,2.03,3.56,3.52
04/03/2026,19:30,Man City,Nott'm Forest,2,2,D,1,0,H,21,9,7,4,6,1,10,6,0,4,0,0,1.38,5,7.5,1.57,2.38,1.85,2,,,,1.41,5.33,8,1.37,4.95,7.65
04/03/2026,20:15,Newcastle,Man United,2,1,H,1,1,D,12,14,5,5,2,4,15,16,2,3,1,0,2.63,3.5,2.6,1.57,2.38,1.98,1.88,,,,2.63,3.8,2.6,2.56,3.66,2.53
05/03/2026,20:00,Tottenham,Crystal Palace,1,3,A,1,3,A,12,9,4,4,6,3,14,14,3,2,0,0,2.35,3.25,3.1,1.8,2,2.03,1.83,,,,2.38,3.4,3.1,2.34,3.32,2.97
14/03/2026,15:00,Burnley,Bournemouth,0,0,D,0,0,D,15,22,2,3,5,8,11,5,1,0,0,0,4.1,3.8,1.83,1.73,2.1,2.03,1.83,,,,4.2,4,1.87,4.02,3.83,1.82
14/03/2026,15:00,Sunderland,Brighton,0,1,A,0,0,D,14,12,4,4,7,3,7,12,1,2,0,0,3.3,3.3,2.25,2.1,1.73,1.93,1.93,,,,3.33,3.4,2.28,3.26,3.27,2.23
14/03/2026,17:30,Arsenal,Everton,2,0,H,0,0,D,25,9,7,3,8,3,11,12,0,0,0,0,1.38,4.75,8.5,1.98,1.88,1.9,1.95,,,,1.4,4.8,9.5,1.37,4.56,8.83
14/03/2026,17:30,Chelsea,Newcastle,0,1,A,0,1,A,22,7,3,5,8,1,9,10,2,2,0,0,1.8,4.2,3.8,1.5,2.63,2.03,1.83,,,,1.81,4.2,4,1.79,4.12,3.86
14/03/2026,20:00,West Ham,Man City,1,1,D,1,1,D,1,24,1,6,1,15,14,5,2,2,0,0,4.33,4.33,1.7,1.53,2.5,1.95,1.9,,,,4.6,4.33,1.73,4.43,4.15,1.69
15/03/2026,14:00,Crystal Palace,Leeds,0,0,D,0,0,D,12,10,0,3,8,3,12,11,2,1,0,1,2.55,3.3,2.88,2.1,1.73,1.8,2.05,,,,2.6,3.4,3,2.49,3.24,2.85
15/03/2026,14:00,Man United,Aston Villa,3,1,H,0,0,D,16,9,6,2,6,6,10,5,3,2,0,0,1.73,4,4.5,1.67,2.2,1.9,1.95,,,,1.73,4.2,4.6,1.71,4.02,4.38
15/03/2026,14:00,Nott'm Forest,Fulham,0,0,D,0,0,D,11,5,2,0,5,4,8,10,2,3,0,0,2.2,3.4,3.3,1.93,1.93,1.93,1.93,,,,2.25,3.5,3.4,2.19,3.4,3.24
15/03/2026,16:30,Liverpool,Tottenham,1,1,D,1,0,H,17,13,4,7,3,4,8,13,0,0,0,0,1.3,6.25,8,1.44,2.75,1.78,2.03,,,,1.33,6.25,9.5,1.29,5.79,8.72
16/03/2026,20:00,Brentford,Wolves,2,2,D,2,1,H,10,13,3,4,1,5,12,10,2,4,0,0,1.55,4.2,5.75,1.73,2.1,1.93,1.93,,,,1.58,4.33,6,1.54,4.15,5.68
20/03/2026,20:00,Bournemouth,Man United,2,2,D,0,0,D,16,14,5,5,6,8,10,9,2,2,0,1,3.2,3.8,2.1,1.57,2.38,2,1.85,,,,3.35,3.8,2.1,3.22,3.76,2.07
21/03/2026,12:30,Brighton,Liverpool,2,1,H,1,1,D,16,12,7,5,4,8,11,11,5,5,0,0,3.1,3.5,2.2,1.73,2.1,1.88,1.98,,,,3.15,3.6,2.28,3.02,3.55,2.22
21/03/2026,15:00,Fulham,Burnley,3,1,H,0,0,D,22,9,6,5,6,6,6,9,2,2,0,1,1.53,4.1,6.25,1.8,2,1.88,1.98,,,,1.55,4.33,6.5,1.53,4.09,6.22
21/03/2026,17:30,Everton,Chelsea,3,0,H,1,0,H,10,12,9,4,3,9,6,7,0,2,0,0,3.5,3.4,2.1,1.83,2.03,2.03,1.83,,,,3.5,3.65,2.15,3.38,3.5,2.08
21/03/2026,20:00,Leeds,Brentford,0,0,D,0,0,D,14,6,4,2,6,2,6,9,2,0,0,0,2.45,3.5,2.88,1.88,1.98,1.78,2.1,,,,2.55,3.5,2.88,2.46,3.42,2.77
22/03/2026,12:00,Newcastle,Sunderland,1,2,A,1,0,H,16,17,4,7,9,5,8,19,1,6,0,0,1.67,4,5,1.88,1.98,1.85,2,,,,1.7,4,5.4,1.65,3.89,5.04
22/03/2026,14:15,Aston Villa,West Ham,2,0,H,1,0,H,23,9,7,1,6,6,3,7,0,1,0,0,1.95,3.6,3.8,1.8,2,1.98,1.88,,,,2,3.65,3.95,1.95,3.56,3.7
22/03/2026,14:15,Tottenham,Nott'm Forest,0,3,A,0,1,A,14,8,3,7,13,3,13,13,1,2,0,0,2.25,3.4,3.2,1.93,1.93,1.95,1.9,,,,2.3,3.5,3.2,2.24,3.39,3.11
10/04/2026,20:00,West Ham,Wolves,4,0,H,1,0,H,18,14,7,3,5,2,11,7,2,2,0,0,1.8,3.8,4.33,1.8,2,1.75,2.05,,,,1.8,3.8,4.5,1.78,3.74,4.34
11/04/2026,12:30,Arsenal,Bournemouth,1,2,A,1,1,D,15,8,3,3,10,1,12,18,1,3,0,0,1.44,4.5,7.5,1.62,2.3,1.98,1.88,,,,1.46,4.8,7.5,1.43,4.55,7.06
11/04/2026,15:00,Brentford,Everton,2,2,D,1,1,D,17,14,4,7,2,3,6,7,0,2,0,0,2.15,3.3,3.5,2,1.8,1.83,2.03,,,,2.15,3.5,3.6,2.13,3.31,3.45
11/04/2026,15:00,Burnley,Brighton,0,2,A,0,1,A,10,13,5,6,8,2,7,11,2,1,0,0,4.5,4,1.73,1.73,2.1,1.9,1.95,,,,4.75,4,1.78,4.48,3.93,1.72
11/04/2026,17:30,Liverpool,Fulham,2,0,H,2,0,H,18,19,5,4,6,9,10,4,0,0,0,0,1.65,4.2,4.75,1.57,2.38,1.8,2.05,,,,1.65,4.35,5.1,1.62,4.18,4.83
12/04/2026,14:00,Crystal Palace,Newcastle,2,1,H,0,1,A,11,7,5,3,2,4,17,12,0,3,0,0,3,3.6,2.2,1.73,2.1,1.93,1.93,,,,3.2,3.6,2.3,3.07,3.5,2.22
12/04/2026,14:00,Nott'm Forest,Aston Villa,1,1,D,1,1,D,15,12,4,5,7,3,15,10,2,2,0,0,2.63,3.3,2.7,2,1.85,1.93,1.93,,,,2.66,3.5,2.7,2.61,3.33,2.65
12/04/2026,14:00,Sunderland,Tottenham,1,0,H,0,0,D,13,11,2,7,2,6,14,15,3,3,0,0,2.7,3.2,2.7,2,1.85,1.93,1.93,,,,2.7,3.5,2.7,2.62,3.34,2.63
12/04/2026,16:30,Chelsea,Man City,0,3,A,0,0,D,12,18,3,8,4,12,10,14,3,1,0,0,3.1,3.8,2.15,1.57,2.38,1.98,1.88,,,,3.3,4,2.15,3.08,3.8,2.1
13/04/2026,20:00,Man United,Leeds,1,2,A,0,2,A,20,15,9,6,11,4,12,15,3,2,1,0,1.62,4.1,5,1.73,2.1,2.05,1.8,,,,1.65,4.3,6.1,1.59,4.07,5.3
18/04/2026,12:30,Brentford,Fulham,0,0,D,0,0,D,13,11,4,0,9,3,8,13,0,1,0,0,2.1,3.75,3.25,1.73,2.1,1.83,2.03,,,,2.12,3.75,3.35,2.09,3.63,3.26
18/04/2026,15:00,Leeds,Wolves,3,0,H,2,0,H,17,7,6,2,5,6,9,17,2,1,0,0,1.62,3.9,5.75,1.9,1.95,2.1,1.78,,,,1.67,4,6,1.6,3.93,5.5
18/04/2026,15:00,Newcastle,Bournemouth,1,2,A,0,1,A,12,12,3,3,2,3,11,12,2,4,0,0,2,3.75,3.5,1.5,2.63,2.03,1.83,,,,2,4,3.65,1.96,3.81,3.48
18/04/2026,17:30,Tottenham,Brighton,2,2,D,1,1,D,13,10,6,3,7,5,14,14,3,1,0,0,2.7,3.75,2.4,1.67,2.2,2.05,1.8,,,,2.75,3.8,2.5,2.68,3.65,2.41
18/04/2026,20:00,Chelsea,Man United,0,1,A,0,1,A,21,4,3,1,7,1,12,13,1,3,0,0,2.2,3.5,3.2,1.57,2.38,1.93,1.93,,,,2.3,3.75,3.2,2.21,3.54,3.07
19/04/2026,14:00,Aston Villa,Sunderland,4,3,H,2,1,H,15,10,7,7,4,5,11,11,1,3,0,0,1.67,3.75,5.5,1.98,1.88,1.88,1.98,,,,1.67,4,5.5,1.65,3.78,5.25
19/04/2026,14:00,Everton,Liverpool,1,2,A,0,1,A,10,14,4,6,1,6,8,12,2,0,0,0,3.1,3.4,2.3,1.9,1.95,1.88,1.98,,,,3.25,3.6,2.3,3.11,3.36,2.25
19/04/2026,14:00,Nott'm Forest,Burnley,4,1,H,0,1,A,10,4,4,3,4,4,8,12,0,2,0,0,1.5,4.2,7,1.73,2.1,1.83,2.03,,,,1.53,4.35,7,1.49,4.25,6.32
19/04/2026,16:30,Man City,Arsenal,2,1,H,1,1,D,15,9,5,3,8,5,5,12,2,2,0,0,1.83,3.7,4.2,2,1.8,1.83,2.03,,,,2,3.75,4.6,1.82,3.6,4.25
20/04/2026,20:00,Crystal Palace,West Ham,0,0,D,0,0,D,9,9,1,4,4,6,13,12,2,1,0,0,2.38,3.2,3.1,1.93,1.93,2.05,1.8,,,,2.38,3.4,3.3,2.31,3.21,3.11
21/04/2026,20:00,Brighton,Chelsea,3,0,H,1,0,H,15,6,9,0,6,5,15,6,1,1,0,0,2.5,3.5,2.7,1.67,2.2,1.78,2.1,,,,2.54,3.75,2.7,2.44,3.62,2.66
22/04/2026,20:00,Bournemouth,Leeds,2,2,D,0,0,D,17,10,7,3,12,1,6,10,3,0,0,0,2,3.5,3.6,1.73,2.1,2.03,1.83,,,,2.1,3.6,4,2.02,3.51,3.57
22/04/2026,20:00,Burnley,Man City,0,1,A,0,1,A,9,28,1,9,3,11,10,12,0,0,0,0,19,9,1.13,1.33,3.4,1.83,2.03,,,,20,9,1.22,16.53,8.3,1.14
24/04/2026,20:00,Sunderland,Nott'm Forest,0,5,A,0,4,A,14,10,4,6,3,6,13,15,2,5,0,0,2.7,3.2,2.7,2.2,1.67,1.95,1.9,,,,2.75,3.25,2.75,2.67,3.18,2.66
25/04/2026,12:30,Fulham,Aston Villa,1,0,H,1,0,H,13,10,6,1,2,5,14,12,2,2,0,0,2.75,3.6,2.45,1.73,2.1,2.03,1.83,,,,2.75,3.6,2.54,2.67,3.5,2.47
25/04/2026,15:00,Liverpool,Crystal Palace,3,1,H,2,0,H,9,14,3,7,5,8,10,10,1,3,0,0,1.44,5,6.25,1.57,2.38,2.03,1.83,,,,1.5,5,7,1.44,4.76,6.31
25/04/2026,15:00,West Ham,Everton,2,1,H,0,0,D,10,11,3,3,3,4,9,11,3,4,0,0,2.4,3.4,2.9,1.9,1.95,2.1,1.78,,,,2.43,3.5,3,2.38,3.34,2.9
25/04/2026,15:00,Wolves,Tottenham,0,1,A,0,0,D,11,11,2,2,5,5,8,14,3,4,0,0,4.5,4.33,1.67,1.67,2.2,1.95,1.9,,,,4.75,4.33,1.73,4.48,3.99,1.7
25/04/2026,17:30,Arsenal,Newcastle,1,0,H,1,0,H,11,13,4,3,7,2,13,10,2,2,0,0,1.45,4.75,6.25,1.57,2.38,2.03,1.83,,,,1.5,4.8,6.75,1.45,4.66,6.22
27/04/2026,20:00,Man United,Brentford,2,1,H,2,0,H,11,12,6,4,7,8,6,9,2,4,0,0,1.85,3.8,4,1.57,2.38,1.83,2.03,,,,1.9,4,4,1.84,3.82,3.84
01/05/2026,20:00,Leeds,Burnley,3,1,H,1,0,H,18,9,8,3,5,0,12,11,4,3,0,0,1.33,5,9.5,1.67,2.2,1.85,2,,,,1.38,5.4,9.5,1.34,5.09,8.57
02/05/2026,15:00,Brentford,West Ham,3,0,H,1,0,H,14,13,6,4,2,6,8,12,1,3,0,0,1.91,3.75,3.75,1.62,2.3,1.93,1.93,,,,1.95,3.8,3.75,1.91,3.77,3.62
02/05/2026,15:00,Newcastle,Brighton,3,1,H,2,0,H,13,13,6,4,2,10,10,12,3,3,0,0,2.5,3.75,2.6,1.73,2.1,1.88,1.98,,,,2.6,3.75,2.66,2.5,3.6,2.6
02/05/2026,15:00,Wolves,Sunderland,1,1,D,0,1,A,20,10,7,2,6,3,11,11,0,4,0,1,3.1,3.2,2.1,2.1,1.73,1.95,1.9,,,,3.45,3.4,2.25,3.24,3.35,2.18
02/05/2026,17:30,Arsenal,Fulham,3,0,H,3,0,H,18,10,9,1,3,4,7,12,0,1,0,0,1.44,4.33,7,1.8,2,2.05,1.8,,,,1.48,4.5,8,1.44,4.39,7
03/05/2026,14:00,Bournemouth,Crystal Palace,3,0,H,2,0,H,16,7,5,1,7,1,10,11,0,2,0,0,1.57,4.33,5.25,1.67,2.2,2.03,1.83,,,,1.62,4.35,5.5,1.58,4.16,5.2
03/05/2026,15:30,Man United,Liverpool,3,2,H,2,0,H,18,13,6,5,3,2,12,11,2,2,0,0,2.3,3.8,2.75,1.5,2.63,2.03,1.83,,,,2.38,3.9,2.85,2.29,3.73,2.76
03/05/2026,19:00,Aston Villa,Tottenham,1,2,A,0,2,A,5,10,1,5,5,5,12,12,2,5,0,0,2.15,3.6,3.2,1.73,2.1,1.88,1.98,,,,2.15,3.75,3.4,2.1,3.59,3.21
04/05/2026,15:00,Chelsea,Nott'm Forest,1,3,A,0,2,A,21,6,5,4,10,1,12,10,3,1,0,0,1.7,4,4.75,1.67,2.2,1.9,1.95,,,,1.71,4.1,4.9,1.68,3.93,4.65
04/05/2026,20:00,Everton,Man City,3,3,D,0,1,A,14,21,6,4,5,9,15,5,4,1,0,0,6.5,4.75,1.44,1.62,2.3,1.83,2.03,,,,7,4.8,1.48,6.38,4.63,1.44
09/05/2026,12:30,Liverpool,Chelsea,1,1,D,1,1,D,8,6,3,3,5,2,17,17,2,4,0,0,1.83,4,3.9,1.44,2.75,1.83,2.03,,,,1.84,4,4,1.82,3.95,3.81
09/05/2026,15:00,Brighton,Wolves,3,0,H,2,0,H,14,5,6,1,7,1,9,11,1,2,0,0,1.27,6.25,9.5,1.53,2.5,1.98,1.88,,,,1.29,6.25,11.5,1.27,5.88,9.98
09/05/2026,15:00,Fulham,Bournemouth,0,1,A,0,0,D,14,10,2,5,11,2,12,21,4,2,1,1,2.75,3.6,2.4,1.57,2.38,2.05,1.8,,,,2.75,3.75,2.45,2.68,3.66,2.39
09/05/2026,15:00,Sunderland,Man United,0,0,D,0,0,D,15,11,4,1,7,8,12,12,0,3,0,0,3.9,3.75,1.85,1.73,2.1,1.98,1.88,,,,4.1,3.8,1.93,3.93,3.7,1.86
09/05/2026,17:30,Man City,Brentford,3,0,H,0,0,D,25,4,10,2,10,2,8,14,4,2,0,0,1.36,5.75,7,1.36,3.2,1.98,1.88,,,,1.38,6,8,1.35,5.51,7.23
10/05/2026,14:00,Burnley,Aston Villa,2,2,D,1,1,D,15,18,6,7,2,8,18,8,1,1,0,0,5,4.33,1.6,1.73,2.1,1.8,2.05,,,,6,4.33,1.62,5.34,4.09,1.58
10/05/2026,14:00,Crystal Palace,Everton,2,2,D,1,1,D,21,13,8,6,5,10,5,13,0,2,0,0,2.7,3.3,2.63,2.03,1.83,1.98,1.88,,,,2.8,3.4,2.63,2.71,3.26,2.56
10/05/2026,14:00,Nott'm Forest,Newcastle,1,1,D,0,0,D,17,16,6,6,2,1,16,11,2,0,0,0,2.6,3.6,2.6,1.73,2.1,1.95,1.9,,,,2.7,3.6,2.65,2.58,3.48,2.56
10/05/2026,16:30,West Ham,Arsenal,0,1,A,0,0,D,9,15,3,4,4,3,14,12,3,4,0,0,5.5,4.2,1.57,1.67,2.2,1.85,2,,,,5.75,4.25,1.62,5.29,4.09,1.58
11/05/2026,20:00,Tottenham,Leeds,1,1,D,0,0,D,16,11,3,4,14,2,12,7,3,1,0,0,1.83,4.1,3.75,1.73,2.1,1.83,2.03,,,,1.86,4.1,4.1,1.82,3.82,3.92
13/05/2026,20:00,Man City,Crystal Palace,3,0,H,2,0,H,15,6,4,2,9,4,10,7,0,2,0,0,1.2,7.5,12,1.4,3,1.93,1.93,,,,1.22,7.5,15,1.19,7.03,12.75
15/05/2026,20:00,Aston Villa,Liverpool,4,2,H,1,0,H,14,16,9,5,4,9,12,9,3,1,0,0,2.75,3.5,2.4,1.73,2.1,2.05,1.8,,,,2.8,3.6,2.5,2.76,3.44,2.43
17/05/2026,12:30,Man United,Nott'm Forest,3,2,H,1,0,H,29,11,8,4,7,6,11,5,2,1,0,0,1.6,4.2,5.25,1.62,2.3,2,1.85,,,,1.62,4.33,5.25,1.58,4.23,4.94
17/05/2026,15:00,Brentford,Crystal Palace,2,2,D,1,1,D,14,16,3,5,9,4,7,5,1,3,0,0,1.73,4.2,4.33,1.67,2.2,1.93,1.93,,,,1.77,4.5,4.4,1.71,4.09,4.17
17/05/2026,15:00,Everton,Sunderland,1,3,A,1,0,H,10,7,4,3,3,2,14,9,3,0,0,0,1.8,3.75,4.33,1.91,1.91,1.83,2.03,,,,1.83,3.75,4.35,1.81,3.63,4.18
17/05/2026,15:00,Leeds,Brighton,1,0,H,0,0,D,7,19,1,8,7,8,9,7,1,0,0,0,3.2,3.6,2.15,1.67,2.2,1.98,1.88,,,,3.2,3.7,2.22,3.09,3.57,2.14
17/05/2026,15:00,Wolves,Fulham,1,1,D,1,1,D,11,13,3,5,3,6,20,8,1,0,0,0,3.8,3.8,1.9,1.73,2.1,1.95,1.9,,,,3.8,4,1.95,3.68,3.78,1.87
17/05/2026,17:30,Newcastle,West Ham,3,1,H,2,0,H,15,15,7,8,9,1,8,11,1,3,0,0,2.1,3.8,3.2,1.5,2.63,1.85,2,,,,2.1,4,3.25,2.05,3.78,3.15
18/05/2026,20:00,Arsenal,Burnley,1,0,H,1,0,H,13,5,3,0,3,3,7,16,1,3,0,0,1.09,11,23,1.33,3.4,1.85,2,,,,1.11,11,26,1.08,10.12,22.13
19/05/2026,19:30,Bournemouth,Man City,1,1,D,1,0,H,10,14,2,5,7,6,16,7,4,2,0,0,4.5,4.33,1.67,1.44,2.75,2.03,1.83,,,,4.6,4.5,1.7,4.42,4.27,1.66
19/05/2026,20:15,Chelsea,Tottenham,2,1,H,1,0,H,9,9,4,3,3,4,11,18,4,3,0,0,1.91,3.7,3.9,1.73,2.1,1.93,1.93,,,,1.95,3.75,4,1.9,3.64,3.76
24/05/2026,16:00,Brighton,Man United,0,3,A,0,2,A,13,11,2,7,0,3,11,8,0,1,0,0,1.85,4.2,3.6,1.5,2.63,1.85,2,,,,1.92,4.2,3.75,1.86,3.98,3.58
24/05/2026,16:00,Burnley,Wolves,1,1,D,0,1,A,16,16,8,4,7,7,10,11,2,2,0,0,2.35,3.5,2.9,1.73,2.1,2.05,1.8,,,,2.48,3.6,2.9,2.36,3.5,2.77
24/05/2026,16:00,Crystal Palace,Arsenal,1,2,A,0,1,A,8,17,3,7,3,4,9,12,0,1,0,0,4.2,4,1.75,1.67,2.2,1.85,2,,,,4.33,4.2,1.82,4.13,3.86,1.76
24/05/2026,16:00,Fulham,Newcastle,2,0,H,1,0,H,21,7,6,2,6,6,13,6,2,2,0,0,2.88,3.8,2.25,1.62,2.3,1.85,2,,,,2.9,3.8,2.37,2.82,3.66,2.27
24/05/2026,16:00,Liverpool,Brentford,1,1,D,0,0,D,24,11,8,2,14,2,9,9,2,3,0,0,1.8,4.2,3.8,1.5,2.63,2.03,1.83,,,,1.84,4.35,4,1.8,4.09,3.73
24/05/2026,16:00,Man City,Aston Villa,1,2,A,1,0,H,16,12,3,5,9,4,8,4,1,0,0,0,1.29,6,9,1.3,3.5,1.95,1.9,,,,1.31,6.25,9.5,1.28,5.93,8.39
24/05/2026,16:00,Nott'm Forest,Bournemouth,1,1,D,1,0,H,15,17,5,4,6,3,11,7,1,1,0,0,3.3,3.75,2.05,1.57,2.38,2.03,1.83,,,,3.3,3.9,2.1,3.19,3.72,2.05
24/05/2026,16:00,Sunderland,Chelsea,2,1,H,1,0,H,20,10,2,1,7,7,15,18,3,2,0,0,3.6,3.6,2,1.73,2.1,1.85,2,,,,3.65,3.75,2.05,3.47,3.59,1.99
24/05/2026,16:00,Tottenham,Everton,1,0,H,1,0,H,21,8,6,3,6,2,15,12,5,3,0,1,1.91,3.75,3.8,1.73,2.1,1.88,1.98,,,,1.95,3.75,4.3,1.89,3.63,3.78
24/05/2026,16:00,West Ham,Leeds,3,0,H,0,0,D,16,13,9,3,6,4,11,14,0,3,0,0,1.85,4,3.75,1.67,2.2,1.85,2,,,,1.88,4.2,4,1.82,3.9,3.75
